book,chapter,verse,start,end
1,1,1,11.0092,16.3289
1,1,2,16.9547,28.2239
1,1,3,28.7238,33.8304
1,1,4,34.2691,42.1804
1,1,5,42.7008,52.8304
1,1,6,53.5156,62.0304
1,1,7,62.5678,75.9137
1,1,8,76.5482,83.8804
1,1,9,85.1888,96.3971
1,1,10,96.8738,106.5785
1,1,11,107.1347,123.4017
1,1,12,123.817,137.8203
1,1,13,138.2148,141.6591
1,1,14,142.064,156.576
1,1,15,157.1096,164.9935
1,1,16,165.4488,179.9312
1,1,17,181.0421,188.0787
1,1,18,188.4836,197.2022
1,1,19,197.4618,200.9476
1,1,20,201.358,214.0165
1,1,21,214.3721,231.1934
1,1,22,231.805,242.5103
1,1,23,242.5798,246.472
1,1,24,246.8994,258.7223
1,1,25,259.3772,272.1234
1,1,26,272.3726,289.5023
1,1,27,289.8479,299.3837
1,1,28,299.664,317.9217
1,1,29,318.5239,337.1053
1,1,30,337.4687,351.0151
1,1,31,351.0151,361.6237
1,2,1,362.0711,366.9557
1,2,2,367.2632,378.4386
1,2,3,378.6413,390.573
1,2,4,393.7456,403.3511
1,2,5,403.9645,419.7573
1,2,6,420.3418,426.3475
1,2,7,426.6306,440.8491
1,2,8,441.8034,450.7098
1,2,9,451.0028,465.2011
1,2,10,466.4454,476.2435
1,2,11,476.5419,485.7369
1,2,12,486.6013,493.4573
1,2,13,493.7969,499.9197
1,2,14,500.204,509.6142
1,2,15,510.1685,518.447
1,2,16,518.5922,526.0027
1,2,17,526.382,535.6142
1,2,18,536.0297,544.5898
1,2,19,545.1644,563.47
1,2,20,563.912,576.3208
1,2,21,577.6483,589.1924
1,2,22,589.5939,599.1609
1,2,23,599.561,613.4189
1,2,24,613.6095,622.3123
1,2,25,622.9485,629.3958
1,3,1,632.159,646.9654
1,3,2,647.4706,653.2977
1,3,3,653.5655,663.9225
1,3,4,664.2049,669.0153
1,3,5,669.6945,681.5955
1,3,6,683.324,700.2218
1,3,7,700.4814,711.5361
1,3,8,713.1972,727.1419
1,3,9,727.6011,733.8846
1,3,10,734.2787,742.8
1,3,11,743.1426,755.059
1,3,12,755.5158,764.4887
1,3,13,765.0754,776.5377
1,3,14,777.8847,794.9884
1,3,15,795.4984,808.0573
1,3,16,808.3688,821.5302
1,3,17,822.6108,841.6053
1,3,18,842.0102,847.7386
1,3,19,848.2505,861.3785
1,3,20,862.1572,869.173
1,3,21,869.5738,877.1856
1,3,22,879.1064,894.8027
1,3,23,895.2284,903.947
1,3,24,904.2585,919.3208
1,4,1,922.5328,931.459
1,4,2,931.7186,941.1847
1,4,3,941.5689,948.5847
1,4,4,948.9156,958.7672
1,4,5,958.9645,967.2989
1,4,6,967.8388,974.9377
1,4,7,975.3322,987.2071
1,4,8,987.7158,998.3448
1,4,9,998.6874,1008.2055
1,4,10,1008.7246,1016.3011
1,4,11,1016.5503,1026.9508
1,4,12,1027.9787,1036.0639
1,4,13,1036.2404,1041.3666
1,4,14,1041.73,1054.5497
1,4,15,1056.0344,1068.6983
1,4,16,1069.1655,1076.9289
1,4,17,1078.5278,1089.5305
1,4,18,1089.8835,1102.2152
1,4,19,1102.5994,1110.4769
1,4,20,1111.7643,1117.4097
1,4,21,1117.8769,1124.7578
1,4,22,1125.2042,1136.643
1,4,23,1137.0583,1152.7955
1,4,24,1153.1174,1159.666
1,4,25,1161.1715,1174.2196
1,4,26,1174.7387,1184.8901
1,5,1,1187.6241,1194.6979
1,5,2,1195.0717,1203.2815
1,5,3,1204.081,1212.7269
1,5,4,1214.6165,1222.463
1,5,5,1222.8783,1232.3963
1,5,6,1233.393,1238.5192
1,5,7,1239.2667,1248.6083
1,5,8,1249.0547,1256.8389
1,5,9,1257.2438,1261.2384
1,5,10,1261.4045,1271.3794
1,5,11,1271.6701,1277.8969
1,5,12,1278.1772,1283.345
1,5,13,1283.6149,1292.8734
1,5,14,1293.4756,1299.5259
1,5,15,1299.8789,1305.8565
1,5,16,1306.2199,1315.5718
1,5,17,1315.8625,1323.0652
1,5,18,1324.6018,1331.9084
1,5,19,1332.2095,1339.5328
1,5,20,1339.7716,1347.3481
1,5,21,1347.5869,1353.7306
1,5,22,1354.0836,1363.477
1,5,23,1363.8092,1369.9322
1,5,24,1370.389,1377.5191
1,5,25,1378.0278,1385.0022
1,5,26,1385.3448,1394.7486
1,5,27,1395.2366,1403.1972
1,5,28,1403.4775,1409.1773
1,5,29,1409.3123,1421.6959
1,5,30,1422.1112,1431.9407
1,5,31,1432.2833,1439.6418
1,5,32,1440.1402,1449.1792
1,6,1,1451.2879,1458.4307
1,6,2,1458.7318,1467.9695
1,6,3,1468.2083,1479.4394
1,6,4,1479.917,1496.7578
1,6,5,1497.9726,1507.9163
1,6,6,1508.5704,1515.4409
1,6,7,1515.8354,1530.0983
1,6,8,1530.4721,1534.8404
1,6,9,1540.8519,1551.2836
1,6,10,1551.6885,1557.6869
1,6,11,1557.9672,1563.8202
1,6,12,1564.5054,1573.1617
1,6,13,1574.2622,1587.4245
1,6,14,1587.4245,1599.237
1,6,15,1600.261,1612.5498
1,6,16,1612.9356,1629.1997
1,6,17,1629.5539,1643.1789
1,6,18,1643.7642,1653.9706
1,6,19,1654.76,1666.0604
1,6,20,1667.6283,1680.0599
1,6,21,1680.359,1690.4182
1,6,22,1691.2434,1697.4035
1,7,1,1700.2882,1711.7752
1,7,2,1712.1259,1725.6096
1,7,3,1726.2698,1734.8539
1,7,4,1735.4934,1748.5955
1,7,5,1748.8637,1754.6525
1,7,6,1756.1997,1762.6487
1,7,7,1763.051,1771.3463
1,7,8,1771.9342,1781.5318
1,7,9,1782.3673,1792.4574
1,7,10,1793.6952,1798.8445
1,7,11,1799.7109,1817.5236
1,7,12,1818.2044,1823.8385
1,7,13,1825.3135,1838.8798
1,7,14,1839.1892,1852.985
1,7,15,1853.8927,1863.1061
1,7,16,1863.6322,1873.8461
1,7,17,1875.579,1885.1843
1,7,18,1885.5247,1893.1496
1,7,19,1893.5622,1904.1062
1,7,20,1904.3847,1911.4216
1,7,21,1911.6898,1924.9053
1,7,22,1926.4525,1934.0155
1,7,23,1934.4075,1951.3262
1,7,24,1951.5428,1957.4864
1,8,1,1960.1722,1972.9564
1,8,2,1973.4928,1981.3652
1,8,3,1981.7365,1990.5786
1,8,4,1991.3832,1998.482
1,8,5,1999.1834,2008.6546
1,8,6,2009.4798,2016.1247
1,8,7,2016.5992,2024.451
1,8,8,2025.0802,2032.8185
1,8,9,2033.097,2051.149
1,8,10,2051.6338,2058.7945
1,8,11,2059.2587,2071.9997
1,8,12,2072.3195,2081.7804
1,8,13,2082.7809,2100.7712
1,8,14,2100.7712,2107.9938
1,8,15,2109.5823,2112.0037
1,8,16,2112.3371,2118.8549
1,8,17,2119.4738,2137.4155
1,8,18,2139.726,2145.1488
1,8,19,2145.5305,2155.9713
1,8,20,2156.6418,2169.0115
1,8,21,2170.0224,2191.2791
1,8,22,2191.6711,2203.556
1,9,1,2206.2354,2215.4851
1,9,2,2215.9183,2231.2278
1,9,3,2231.7539,2241.2148
1,9,4,2241.7615,2245.7658
1,9,5,2246.199,2260.0128
1,9,6,2261.003,2269.2365
1,9,7,2269.7522,2275.6855
1,9,8,2277.9135,2282.4027
1,9,9,2283.0319,2289.8006
1,9,10,2290.2751,2303.5628
1,9,11,2304.027,2316.5823
1,9,12,2318.6762,2330.3858
1,9,13,2330.6437,2337.9591
1,9,14,2338.1757,2345.4808
1,9,15,2345.9347,2358.8923
1,9,16,2360.161,2373.8923
1,9,17,2375.0269,2386.0454
1,9,18,2387.4998,2396.3109
1,9,19,2398.0335,2403.4922
1,9,20,2404.142,2409.7246
1,9,21,2410.4466,2416.3489
1,9,22,2416.844,2424.015
1,9,23,2424.737,2441.316
1,9,24,2442.7291,2449.5185
1,9,25,2449.7334,2456.0856
1,9,26,2456.7251,2464.1231
1,9,27,2464.6801,2474.0069
1,9,28,2475.3891,2480.951
1,9,29,2481.4977,2490.0715
1,10,1,2492.0138,2501.5881
1,10,2,2502.2586,2510.2857
1,10,3,2510.5126,2515.2596
1,10,4,2515.4246,2519.6353
1,10,5,2519.9757,2528.6011
1,10,6,2530.4784,2534.2896
1,10,7,2534.7435,2545.0192
1,10,8,2545.5317,2550.2122
1,10,9,2550.6351,2558.7241
1,10,10,2559.312,2566.8131
1,10,11,2567.2257,2575.2425
1,10,12,2576.4184,2581.8256
1,10,13,2582.0835,2588.6459
1,10,14,2588.8935,2596.9206
1,10,15,2597.2507,2601.2241
1,10,16,2601.7502,2605.6204
1,10,17,2605.7854,2609.3978
1,10,18,2609.5732,2617.5281
1,10,19,2618.2914,2630.558
1,10,20,2630.8984,2638.874
1,10,21,2640.5863,2646.2823
1,10,22,2646.9321,2654.6292
1,10,23,2654.8664,2658.8295
1,10,24,2659.2822,2663.6693
1,10,25,2663.9065,2673.6563
1,10,26,2674.172,2681.5906
1,10,27,2681.9166,2685.8254
1,10,28,2686.0741,2690.2198
1,10,29,2690.4674,2696.0762
1,10,30,2696.8086,2702.4942
1,10,31,2702.783,2708.9225
1,10,32,2710.7585,2720.8487
1,11,1,2727.5392,2734.5369
1,11,2,2735.1971,2742.6156
1,11,3,2743.1417,2757.368
1,11,4,2759.3072,2772.6774
1,11,5,2774.008,2781.9011
1,11,6,2782.4168,2795.6117
1,11,7,2796.1171,2804.5156
1,11,8,2804.9798,2812.5324
1,11,9,2812.7903,2826.439
1,11,10,2828.6258,2838.0867
1,11,11,2838.5406,2847.2072
1,11,12,2847.8055,2853.6871
1,11,13,2854.1616,2863.8597
1,11,14,2864.2929,2868.4314
1,11,15,2869.4835,2877.8511
1,11,16,2878.3153,2883.248
1,11,17,2883.9391,2892.7811
1,11,18,2893.2246,2897.9613
1,11,19,2898.7452,2907.7832
1,11,20,2908.9282,2913.376
1,11,21,2913.8092,2922.053
1,11,22,2923.6882,2926.9414
1,11,23,2927.519,2934.0712
1,11,24,2934.4425,2939.7053
1,11,25,2941.0669,2950.0636
1,11,26,2950.4968,2956.9148
1,11,27,2957.2242,2966.2416
1,11,28,2966.5201,2972.3605
1,11,29,2972.7731,2985.5967
1,11,30,2985.8958,2990.4675
1,11,31,2990.4675,3011.1513
1,11,32,3011.6132,3020.5276
1,12,1,3026.7642,3038.8519
1,12,2,3039.5147,3047.5089
1,12,3,3048.0713,3058.5322
1,12,4,3059.1749,3071.5037
1,12,5,3071.8652,3091.6706
1,12,6,3092.0723,3100.9264
1,12,7,3101.6294,3115.6653
1,12,8,3116.1674,3133.8444
1,12,9,3133.9649,3139.3243
1,12,10,3141.1721,3151.171
1,12,11,3152.6573,3163.801
1,12,12,3164.4236,3174.2016
1,12,13,3174.6435,3183.3168
1,12,14,3184.7026,3192.5124
1,12,15,3192.8137,3202.6519
1,12,16,3203.3348,3213.7756
1,12,17,3214.5589,3223.172
1,12,18,3224.4775,3233.4923
1,12,19,3233.894,3244.134
1,12,20,3244.7165,3253.4902
1,13,1,3257.1293,3263.72
1,13,2,3264.0213,3268.8986
1,13,3,3269.0994,3283.1555
1,13,4,3283.1555,3290.7644
1,13,5,3291.869,3297.2686
1,13,6,3297.2686,3307.0667
1,13,7,3307.4081,3318.4716
1,13,8,3318.7126,3330.5593
1,13,9,3331.905,3342.9282
1,13,10,3343.3299,3359.9166
1,13,11,3360.5191,3370.8796
1,13,12,3371.2612,3379.9346
1,13,13,3380.2359,3385.5953
1,13,14,3387.7845,3401.2581
1,13,15,3401.4188,3409.811
1,13,16,3410.3533,3421.5774
1,13,17,3422.0193,3429.2666
1,13,18,3429.8089,3440.0288
1,14,1,3443.632,3453.9796
1,14,2,3454.1604,3467.3728
1,14,3,3467.8749,3474.3189
1,14,4,3474.58,3481.9679
1,14,5,3482.8115,3502.3868
1,14,6,3502.7684,3509.353
1,14,7,3509.6744,3521.8023
1,14,8,3523.0676,3534.3721
1,14,9,3534.8541,3547.3034
1,14,10,3548.7294,3561.2992
1,14,11,3561.7812,3567.3616
1,14,12,3567.9641,3574.8901
1,14,13,3576.0952,3589.388
1,14,14,3589.8098,3600.7326
1,14,15,3601.777,3612.3986
1,14,16,3613.9451,3622.1766
1,14,17,3622.5984,3635.6903
1,14,18,3637.4176,3645.2273
1,14,19,3645.7294,3653.6998
1,14,20,3653.9006,3662.6142
1,14,21,3663.0159,3670.7654
1,14,22,3671.0064,3678.6755
1,14,23,3679.2178,3688.8552
1,14,24,3689.2167,3702.2083
1,15,1,3705.9532,3718.8479
1,15,2,3719.1893,3730.4335
1,15,3,3731.0762,3739.0667
1,15,4,3739.7295,3749.9694
1,15,5,3750.4514,3765.3912
1,15,6,3765.7126,3770.7305
1,15,7,3772.5783,3782.6174
1,15,8,3782.999,3789.6639
1,15,9,3789.8848,3800.3457
1,15,10,3800.8679,3813.3573
1,15,11,3813.8594,3819.7812
1,15,12,3821.5687,3831.0856
1,15,13,3831.6681,3843.4947
1,15,14,3844.1776,3852.8108
1,15,15,3854.2368,3859.5962
1,15,16,3859.7167,3866.7833
1,15,17,3867.3858,3879.3129
1,15,18,3879.7347,3894.8351
1,15,19,3895.1565,3899.1099
1,15,20,3899.4714,3903.2441
1,15,21,3903.5253,3910.1099
1,16,1,3913.7513,3920.7341
1,16,2,3921.0956,3934.2679
1,16,3,3935.0713,3951.0353
1,16,4,3953.0438,3960.512
1,16,5,3960.7128,3976.6769
1,16,6,3976.8577,3989.568
1,16,7,3991.476,3998.9042
1,16,8,3999.6072,4013.3217
1,16,9,4013.7435,4021.6737
1,16,10,4021.9951,4029.4031
1,16,11,4029.8851,4042.2942
1,16,12,4042.8767,4051.9919
1,16,13,4052.6346,4064.1198
1,16,14,4064.1198,4072.4116
1,16,15,4073.9983,4083.6966
1,16,16,4083.9778,4092.1089
1,17,1,4094.9476,4110.3206
1,17,2,4111.1842,4118.291
1,17,3,4118.6525,4124.8555
1,17,4,4125.458,4132.143
1,17,5,4133.0267,4143.3671
1,17,6,4143.7286,4151.7593
1,17,7,4152.884,4167.0003
1,17,8,4168.6673,4181.8396
1,17,9,4183.0447,4192.9834
1,17,10,4193.3048,4203.6652
1,17,11,4204.087,4211.495
1,17,12,4212.0172,4226.0331
1,17,13,4226.4147,4236.9559
1,17,14,4238.4422,4250.0278
1,17,15,4250.6504,4260.1071
1,17,16,4260.8301,4273.2995
1,17,17,4273.882,4286.3915
1,17,18,4286.7329,4292.9359
1,17,19,4293.2372,4307.9359
1,17,20,4309.382,4324.623
1,17,21,4324.8841,4334.4211
1,17,22,4334.7224,4340.6441
1,17,23,4341.8893,4362.031
1,17,24,4362.8143,4368.7562
1,17,25,4369.1579,4376.1642
1,17,26,4376.7266,4382.5479
1,17,27,4382.7287,4391.3016
1,18,1,4398.846,4406.8212
1,18,2,4407.3528,4421.0546
1,18,3,4421.7261,4431.0743
1,18,4,4431.5667,4438.3107
1,18,5,4439.1018,4452.3951
1,18,6,4453.0274,4465.1456
1,18,7,4465.8059,4478.3493
1,18,8,4478.8921,4491.2956
1,18,9,4492.0119,4499.838
1,18,10,4502.2554,4514.2057
1,18,11,4516.4217,4524.2981
1,18,12,4524.6618,4533.982
1,18,13,4534.6647,4545.5461
1,18,14,4547.555,4555.1573
1,18,15,4555.7169,4564.0802
1,18,16,4566.6655,4573.5627
1,18,17,4574.2062,4580.0066
1,18,18,4580.8292,4587.939
1,18,19,4588.7224,4606.1275
1,18,20,4606.8438,4615.1287
1,18,21,4615.761,4624.9022
1,18,22,4625.0253,4633.8643
1,18,23,4634.3284,4640.3361
1,18,24,4641.3154,4652.2752
1,18,25,4652.6054,4667.2752
1,18,26,4667.8012,4677.6978
1,18,27,4679.2879,4687.516
1,18,28,4687.9693,4703.1931
1,18,29,4703.831,4714.5894
1,18,30,4715.7198,4728.8172
1,18,31,4729.36,4740.5884
1,18,32,4741.411,4755.3758
1,18,33,4755.8347,4763.6608
1,19,1,4766.6305,4779.6042
1,19,2,4780.4156,4796.1878
1,19,3,4798.1911,4807.6176
1,19,4,4808.5633,4818.7844
1,19,5,4819.4671,4828.1326
1,19,6,4828.9328,4834.4422
1,19,7,4834.8619,4838.3456
1,19,8,4838.5694,4857.6919
1,19,9,4858.0836,4872.8542
1,19,10,4873.2963,4881.6092
1,19,11,4882.3367,4892.2836
1,19,12,4893.9624,4905.9854
1,19,13,4906.4107,4915.7141
1,19,14,4916.2793,4931.4863
1,19,15,4931.9787,4946.2177
1,19,16,4947.3145,4960.8484
1,19,17,4963.1651,4976.962
1,19,18,4977.3033,4981.0781
1,19,19,4981.3971,4998.955
1,19,20,4999.5705,5009.691
1,19,21,5010.3121,5019.5204
1,19,22,5022.4191,5032.1925
1,19,23,5033.0934,5039.252
1,19,24,5041.0651,5048.008
1,19,25,5048.3708,5055.8947
1,19,26,5056.7577,5061.6503
1,19,27,5062.3945,5069.6275
1,19,28,5070.3438,5081.9583
1,19,29,5082.641,5096.4977
1,19,30,5098.8161,5112.5627
1,19,31,5113.0999,5123.2147
1,19,32,5123.7407,5131.2758
1,19,33,5131.6619,5143.9255
1,19,34,5144.4123,5161.5544
1,19,35,5162.2259,5174.4839
1,19,36,5174.9875,5178.9581
1,19,37,5179.5513,5186.6051
1,19,38,5186.9017,5195.1643
1,20,1,5197.3677,5206.6655
1,20,2,5207.102,5216.8866
1,20,3,5217.5525,5229.5699
1,20,4,5229.5699,5237.9612
1,20,5,5238.7278,5249.5533
1,20,6,5249.7939,5266.5943
1,20,7,5266.8517,5282.512
1,20,8,5284.3195,5293.9251
1,20,9,5294.3336,5311.5916
1,20,10,5312.2183,5317.9348
1,20,11,5318.2258,5329.2975
1,20,12,5329.6668,5337.3922
1,20,13,5337.9294,5351.6815
1,20,14,5352.9574,5361.5837
1,20,15,5361.7404,5367.9157
1,20,16,5368.5312,5380.5375
1,20,17,5382.4009,5391.7323
1,20,18,5392.2695,5400.4873
1,21,1,5406.595,5414.727
1,21,2,5414.923,5423.173
1,21,3,5423.593,5430.742
1,21,4,5430.938,5438.955
1,21,5,5439.403,5445.555
1,21,6,5445.947,5454.159
1,21,7,5454.662,5462.903
1,21,8,5463.08,5472.384
1,21,9,5474.174,5481.231
1,21,10,5481.623,5492.408
1,21,11,5492.613,5498.308
1,21,12,5498.308,5515.527
1,21,13,5515.881,5522.276
1,21,14,5524.84,5542.973
1,21,15,5543.215,5551.046
1,21,16,5551.149,5567.64
1,21,17,5567.948,5586.313
1,21,18,5586.406,5594.749
1,21,19,5596.278,5608.285
1,21,20,5608.854,5617.98
1,21,21,5618.334,5626.137
1,21,22,5627.787,5639.776
1,21,23,5639.776,5656.744
1,21,24,5656.794,5661.59
1,21,25,5663.387,5673.537
1,21,26,5673.604,5685.358
1,21,27,5686.83,5693.977
1,21,28,5694.513,5699.647
1,21,29,5699.831,5709.839
1,21,30,5710.107,5720.909
1,21,31,5721.127,5728.795
1,21,32,5729.415,5739.54
1,21,33,5739.54,5747.365
1,21,34,5747.432,5753.006
1,22,1,5755.485,5766.723
1,22,2,5767.091,5785.789
1,22,3,5786.476,5805.529
1,22,4,5805.981,5814.023
1,22,5,5814.157,5828.011
1,22,6,5828.379,5842.827
1,22,7,5843.631,5859.11
1,22,8,5859.495,5869.014
1,22,9,5870.438,5887.312
1,22,10,5887.714,5895.453
1,22,11,5895.852,5906.366
1,22,12,5907.756,5925.419
1,22,13,5925.686,5943.193
1,22,14,5944.762,5955.396
1,22,15,5957.004,5961.652
1,22,16,5961.652,5974.793
1,22,17,5974.96,5991.21
1,22,18,5991.739,6000.48
1,22,19,6000.899,6013.169
1,22,20,6014.948,6025.654
1,22,21,6026.173,6032.937
1,22,22,6032.987,6039.883
1,22,23,6040.352,6048.424
1,22,24,6048.926,6059.225
1,23,1,6064.708,6073.002
1,23,2,6073.203,6084.066
1,23,3,6085.424,6091.474
1,23,4,6091.926,6100.632
1,23,5,6100.883,6105.174
1,23,6,6105.408,6120.777
1,23,7,6121.162,6126.395
1,23,8,6127.098,6138.456
1,23,9,6139.578,6152.234
1,23,10,6152.842,6165.601
1,23,11,6165.785,6179.78
1,23,12,6180.986,6185.102
1,23,13,6185.219,6199.449
1,23,14,6199.667,6203.493
1,23,15,6203.543,6214.363
1,23,16,6216.279,6229.363
1,23,17,6229.966,6244.011
1,23,18,6244.547,6252.122
1,23,19,6252.675,6263.613
1,23,20,6264.149,6273.294
1,24,1,6275.715,6282.691
1,24,2,6283.093,6292.342
1,24,3,6292.627,6305.801
1,24,4,6307.077,6313.304
1,24,5,6313.689,6327.4
1,24,6,6328.02,6335.498
1,24,7,6335.632,6356.522
1,24,8,6357.946,6368.713
1,24,9,6369.249,6378.283
1,24,10,6380.259,6393.735
1,24,11,6394.137,6403.165
1,24,12,6404.488,6414.624
1,24,13,6414.758,6422.53
1,24,14,6423.016,6444.257
1,24,15,6444.647,6459.369
1,24,16,6459.453,6470.512
1,24,17,6470.512,6478.501
1,24,18,6478.836,6487.319
1,24,19,6487.637,6495.163
1,24,20,6495.833,6506.421
1,24,21,6507.091,6514.449
1,24,22,6514.6,6529.466
1,24,23,6529.633,6538.821
1,24,24,6538.905,6546.683
1,24,25,6548.073,6552.607
1,24,26,6552.674,6557.851
1,24,27,6557.884,6572.494
1,24,28,6572.628,6578.873
1,24,29,6580.045,6587.063
1,24,30,6588.442,6604.93
1,24,31,6605.064,6615.434
1,24,32,6615.752,6629.8
1,24,33,6630.292,6640.848
1,24,34,6641.635,6645.655
1,24,35,6645.806,6659.198
1,24,36,6660.337,6669.431
1,24,37,6669.582,6679.699
1,24,38,6680.134,6687.789
1,24,39,6688.241,6693.882
1,24,40,6693.882,6710.194
1,24,41,6710.696,6722.285
1,24,42,6723.24,6735.526
1,24,43,6735.621,6748.968
1,24,44,6749.106,6758.646
1,24,45,6759.818,6773.646
1,24,46,6773.696,6786.603
1,24,47,6787.239,6804.071
1,24,48,6805.815,6819.071
1,24,49,6820.679,6832.647
1,24,50,6834.288,6843.561
1,24,51,6843.745,6853.704
1,24,52,6855.278,6864.282
1,24,53,6864.282,6874.847
1,24,54,6875.383,6886.227
1,24,55,6886.646,6895.063
1,24,56,6895.063,6904.735
1,24,57,6904.886,6910.211
1,24,58,6910.395,6917.87
1,24,59,6919.126,6926.307
1,24,60,6926.562,6937.793
1,24,61,6939.418,6950.746
1,24,62,6951.215,6958.556
1,24,63,6958.673,6968.207
1,24,64,6968.492,6975.586
1,24,65,6975.737,6990.335
1,24,66,6990.636,6995.646
1,24,67,6995.908,7009.909
1,25,1,7011.666,7016.877
1,25,2,7017.121,7025.492
1,25,3,7025.659,7034.451
1,25,4,7034.568,7043.299
1,25,5,7045.147,7048.882
1,25,6,7049.083,7062.06
1,25,7,7063.467,7071.961
1,25,8,7072.045,7080.543
1,25,9,7080.61,7092.72
1,25,10,7093.457,7102.055
1,25,11,7103.462,7113.709
1,25,12,7115.237,7124.037
1,25,13,7124.617,7136.402
1,25,14,7136.636,7139.754
1,25,15,7140.256,7144.863
1,25,16,7145.248,7154.448
1,25,17,7154.783,7166.847
1,25,18,7167.534,7178.393
1,25,19,7185.321,7191.045
1,25,20,7191.413,7203.659
1,25,21,7203.96,7215.596
1,25,22,7216.919,7228.866
1,25,23,7229.218,7244.05
1,25,24,7244.469,7249.406
1,25,25,7249.54,7258.501
1,25,26,7258.886,7272.697
1,25,27,7273.149,7284.809
1,25,28,7286.115,7293.992
1,25,29,7295.533,7301.228
1,25,30,7301.63,7315.039
1,25,31,7315.435,7321.062
1,25,32,7321.296,7328.094
1,25,33,7328.479,7337.645
1,25,34,7339.092,7352.068
1,26,1,7354.207,7366.232
1,26,2,7366.55,7375.919
1,26,3,7376.153,7394.706
1,26,4,7395.393,7409.22
1,26,5,7409.588,7419.718
1,26,6,7421.795,7424.258
1,26,7,7424.275,7438.101
1,26,8,7438.771,7453.134
1,26,9,7454.325,7468.301
1,26,10,7468.519,7480.028
1,26,11,7480.38,7489.658
1,26,12,7491.415,7500.941
1,26,13,7501.075,7507.052
1,26,14,7507.119,7515.387
1,26,15,7515.705,7525.926
1,26,16,7526.581,7533.852
1,26,17,7533.936,7540.203
1,26,18,7540.337,7558.395
1,26,19,7558.763,7567.311
1,26,20,7567.462,7581.507
1,26,21,7581.708,7588.897
1,26,22,7589.182,7604.081
1,26,23,7604.701,7608.091
1,26,24,7608.242,7626.145
1,26,25,7627.25,7637.881
1,26,26,7639.539,7647.792
1,26,27,7647.909,7657.623
1,26,28,7657.774,7671.719
1,26,29,7671.903,7687.104
1,26,30,7687.606,7691.626
1,26,31,7691.693,7700.717
1,26,32,7701.002,7713.655
1,26,33,7714.894,7723.082
1,26,34,7724.372,7736.084
1,26,35,7736.787,7742.355
1,27,1,7745.142,7758.506
1,27,2,7759.193,7764.679
1,27,3,7764.813,7773.935
1,27,4,7774.421,7785.737
1,27,5,7785.938,7795.674
1,27,6,7795.825,7804.314
1,27,7,7804.381,7813.912
1,27,8,7814.314,7820.088
1,27,9,7820.473,7831.638
1,27,10,7831.973,7838.587
1,27,11,7839.106,7848.142
1,27,12,7849.331,7858.883
1,27,13,7859.134,7867.989
1,27,14,7868.274,7877.005
1,27,15,7877.172,7888.358
1,27,16,7889.195,7896.209
1,27,17,7896.393,7903.476
1,27,18,7905.05,7912.79
1,27,19,7913.259,7928.996
1,27,20,7929.616,7939.742
1,27,21,7939.809,7949.212
1,27,22,7949.915,7961.291
1,27,23,7961.659,7969.132
1,27,24,7970.103,7975.055
1,27,25,7975.222,7987.794
1,27,26,7987.878,7994.422
1,27,27,7994.506,8009.104
1,27,28,8009.255,8017.618
1,27,29,8017.986,8033.238
1,27,30,8033.539,8048.676
1,27,31,8048.877,8063.006
1,27,32,8063.224,8072.453
1,27,33,8073.977,8090.375
1,27,34,8090.743,8104.487
1,27,35,8104.788,8111.177
1,27,36,8111.378,8128.974
1,27,37,8130.967,8146.82
1,27,38,8146.887,8161.184
1,27,39,8161.368,8172.397
1,27,40,8172.682,8184.907
1,27,41,8186.465,8201.13
1,27,42,8201.398,8217.286
1,27,43,8217.403,8224.858
1,27,44,8226.466,8232.483
1,27,45,8232.65,8246.043
1,27,46,8247.182,8262.483
1,28,1,8264.733,8275.883
1,28,2,8276.05,8288.335
1,28,3,8288.569,8296.785
1,28,4,8296.785,8309.809
1,28,5,8309.976,8322.766
1,28,6,8324.374,8342.393
1,28,7,8343.18,8350.325
1,28,8,8350.325,8356.948
1,28,9,8357.032,8368.995
1,28,10,8374.211,8379.997
1,28,11,8380.095,8393.04
1,28,12,8393.549,8405.869
1,28,13,8406.089,8423.989
1,28,14,8425.006,8438.265
1,28,15,8438.265,8454.113
1,28,16,8454.113,8463.838
1,28,17,8463.838,8474.802
1,28,18,8475.107,8487.089
1,28,19,8487.089,8495.237
1,28,20,8495.407,8510.305
1,28,21,8510.542,8516.732
1,28,22,8516.966,8529.691
1,29,1,8531.97,8536.596
1,29,2,8536.881,8552.199
1,29,3,8552.45,8566.029
1,29,4,8566.598,8574.598
1,29,5,8574.799,8581.557
1,29,6,8581.976,8591.373
1,29,7,8591.524,8600.934
1,29,8,8601.487,8613.435
1,29,9,8614.842,8622.478
1,29,10,8622.98,8640.66
1,29,11,8641.129,8646.894
1,29,12,8647.296,8657.539
1,29,13,8658.125,8674.369
1,29,14,8674.453,8682.291
1,29,15,8682.483,8693.273
1,29,16,8693.541,8700.909
1,29,17,8701.378,8708.586
1,29,18,8708.971,8718.726
1,29,19,8720.016,8729.255
1,29,20,8729.556,8739.019
1,29,21,8740.526,8749.825
1,29,22,8750.662,8755.545
1,29,23,8755.629,8764.507
1,29,24,8764.766,8772.864
1,29,25,8772.948,8785.399
1,29,26,8785.466,8793.069
1,29,27,8793.387,8803.265
1,29,28,8804.287,8813.074
1,29,29,8813.191,8819.205
1,29,30,8820.294,8830.24
1,29,31,8831.563,8839.164
1,29,32,8839.259,8852.589
1,29,33,8852.807,8865.73
1,29,34,8865.948,8879.605
1,29,35,8879.89,8891.427
1,30,1,8894.053,8906.929
1,30,2,8907.415,8916.304
1,30,3,8916.438,8926.859
1,30,4,8927.294,8934.431
1,30,5,8934.498,8938.502
1,30,6,8938.533,8949.104
1,30,7,8949.154,8955.109
1,30,8,8955.494,8965.442
1,30,9,8966.983,8975.589
1,30,10,8975.874,8979.972
1,30,11,8980.257,8986.238
1,30,12,8986.59,8991.066
1,30,13,8991.3,8999.017
1,30,14,9000.273,9012.258
1,30,15,9012.727,9030.566
1,30,16,9030.951,9047.36
1,30,17,9047.36,9054.806
1,30,18,9055.201,9065.108
1,30,19,9066.766,9070.767
1,30,20,9071.085,9083.059
1,30,21,9083.349,9088.475
1,30,22,9089.62,9096.75
1,30,23,9097.252,9102.54
1,30,24,9103.009,9109.126
1,30,25,9110.819,9121.905
1,30,26,9122.118,9134.02
1,30,27,9134.283,9143.564
1,30,28,9143.832,9149.229
1,30,29,9149.329,9157.563
1,30,30,9157.73,9171.55
1,30,31,9171.55,9185.428
1,30,32,9186.2,9200.595
1,30,33,9200.813,9216.181
1,30,34,9216.7,9221.649
1,30,35,9223.251,9240.507
1,30,36,9240.825,9250.08
1,30,37,9250.499,9264.628
1,30,38,9265.047,9282.027
1,30,39,9282.429,9290.428
1,30,40,9291.019,9305.633
1,30,41,9305.901,9317.839
1,30,42,9318.09,9325.104
1,30,43,9325.188,9334.48
1,31,1,9336.988,9348.86
1,31,2,9349.161,9355.676
1,31,3,9356.105,9365.108
1,31,4,9365.56,9371.825
1,31,5,9372.152,9383.824
1,31,6,9385.168,9391.069
1,31,7,9391.387,9401.91
1,31,8,9402.195,9416.694
1,31,9,9417.352,9423.783
1,31,10,9423.9,9437.895
1,31,11,9438.247,9446.085
1,31,12,9446.236,9460.636
1,31,13,9461.157,9477.527
1,31,14,9478.924,9486.677
1,31,15,9487.565,9496.287
1,31,16,9497.258,9508.825
1,31,17,9509.363,9514.53
1,31,18,9514.882,9528.207
1,31,19,9528.822,9536.265
1,31,20,9536.868,9545.11
1,31,21,9546.215,9556.218
1,31,22,9557.974,9563.277
1,31,23,9563.712,9574.628
1,31,24,9574.728,9586.272
1,31,25,9586.707,9596.022
1,31,26,9596.34,9607.204
1,31,27,9607.924,9620.831
1,31,28,9621.368,9629.441
1,31,29,9629.893,9643.446
1,31,30,9643.597,9653.744
1,31,31,9655.369,9664.679
1,31,32,9665.896,9680.734
1,31,33,9681.169,9693.925
1,31,34,9693.925,9705.252
1,31,35,9705.252,9718.622
1,31,36,9718.812,9731.924
1,31,37,9731.957,9744.453
1,31,38,9744.62,9755.311
1,31,39,9755.411,9766.867
1,31,40,9766.934,9775.681
1,31,41,9775.798,9789.805
1,31,42,9790.123,9806.306
1,31,43,9806.792,9823.932
1,31,44,9825.282,9831.92
1,31,45,9832.121,9837.437
1,31,46,9837.688,9849.069
1,31,47,9850.476,9857.752
1,31,48,9858.07,9866.496
1,31,49,9866.764,9875.336
1,31,50,9875.477,9886.472
1,31,51,9886.639,9896.359
1,31,52,9896.761,9915.197
1,31,53,9915.281,9926.527
1,31,54,9926.946,9937.436
1,32,1,9938.558,9949.66
1,32,2,9950.079,9955.595
1,32,3,9955.695,9965.801
1,32,4,9972.097,9979.746
1,32,5,9980.483,9991.997
1,32,6,9992.298,10001.788
1,32,7,10003.338,10013.112
1,32,8,10013.441,10025.755
1,32,9,10025.855,10034.542
1,32,10,10035.554,10048.653
1,32,11,10048.871,10063.244
1,32,12,10063.244,10072.01
1,32,13,10072.713,10081.991
1,32,14,10083.733,10090.679
1,32,15,10090.679,10097.0
1,32,16,10097.0,10107.051
1,32,17,10107.252,10118.259
1,32,18,10118.41,10131.768
1,32,19,10131.768,10141.061
1,32,20,10142.384,10154.554
1,32,21,10154.755,10171.703
1,32,22,10172.015,10177.934
1,32,23,10179.191,10190.487
1,32,24,10190.705,10197.168
1,32,25,10198.88,10205.824
1,32,26,10206.297,10217.261
1,32,27,10217.261,10225.597
1,32,28,10225.932,10230.701
1,32,29,10230.801,10242.725
1,32,30,10242.833,10253.079
1,32,31,10253.079,10262.32
1,32,32,10262.32,10268.212
1,32,33,10268.212,10281.682
1,33,1,10285.656,10297.94
1,33,2,10297.94,10308.235
1,33,3,10308.235,10316.172
1,33,4,10316.172,10324.861
1,33,5,10325.261,10337.661
1,33,6,10337.961,10343.761
1,33,7,10345.161,10352.861
1,33,8,10352.861,10360.861
1,33,9,10360.961,10366.861
1,33,10,10366.961,10381.261
1,33,11,10381.361,10392.361
1,33,12,10393.961,10398.761
1,33,13,10398.861,10410.761
1,33,14,10411.061,10426.261
1,33,15,10426.261,10436.661
1,33,16,10436.661,10441.361
1,33,17,10441.561,10451.261
1,33,18,10451.361,10461.061
1,33,19,10461.461,10471.261
1,33,20,10471.361,10477.761
1,34,1,10480.461,10487.361
1,34,2,10487.661,10498.161
1,34,3,10498.361,10507.061
1,34,4,10507.061,10514.361
1,34,5,10514.761,10526.061
1,34,6,10527.361,10531.361
1,34,7,10531.561,10547.661
1,34,8,10548.061,10558.261
1,34,9,10558.761,10565.861
1,34,10,10566.061,10574.561
1,34,11,10574.661,10582.361
1,34,12,10582.761,10592.261
1,34,13,10594.061,10602.861
1,34,14,10603.161,10613.961
1,34,15,10614.161,10620.761
1,34,16,10620.861,10630.961
1,34,17,10632.361,10638.161
1,34,18,10638.861,10645.161
1,34,19,10645.361,10653.261
1,34,20,10653.661,10660.661
1,34,21,10660.761,10678.161
1,34,22,10678.461,10689.561
1,34,23,10691.061,10699.761
1,34,24,10699.761,10709.961
1,34,25,10712.361,10726.761
1,34,26,10726.861,10735.361
1,34,27,10735.461,10742.861
1,34,28,10742.861,10750.461
1,34,29,10750.961,10759.261
1,34,30,10761.361,10779.561
1,34,31,10779.761,10784.261
1,35,1,10787.961,10802.461
1,35,2,10802.761,10815.461
1,35,3,10816.961,10828.861
1,35,4,10829.361,10842.461
1,35,5,10842.961,10852.561
1,35,6,10854.061,10862.261
1,35,7,10862.361,10873.061
1,35,8,10873.561,10883.561
1,35,9,10885.461,10892.161
1,35,10,10892.261,10905.561
1,35,11,10906.061,10918.861
1,35,12,10919.161,10931.261
1,35,13,10931.461,10936.761
1,35,14,10936.961,10949.861
1,35,15,10950.661,10957.061
1,35,16,10958.861,10968.761
1,35,17,10969.161,10977.861
1,35,18,10978.161,10986.661
1,35,19,10986.761,10992.461
1,35,20,10994.061,11001.961
1,35,21,11003.461,11009.461
1,35,22,11009.561,11023.861
1,35,23,11024.061,11032.461
1,35,24,11032.561,11034.861
1,35,25,11034.861,11038.761
1,35,26,11039.261,11048.461
1,35,27,11048.761,11058.161
1,35,28,11058.861,11062.361
1,35,29,11062.561,11073.261
1,36,1,11075.961,11079.261
1,36,2,11079.461,11091.361
1,36,3,11091.461,11095.061
1,36,4,11095.361,11101.961
1,36,5,11103.461,11113.161
1,36,6,11113.261,11132.661
1,36,7,11132.861,11143.361
1,36,8,11143.461,11147.861
1,36,9,11149.261,11152.961
1,36,10,11153.061,11161.761
1,36,11,11162.561,11168.561
1,36,12,11168.961,11178.461
1,36,13,11178.561,11188.561
1,36,14,11188.661,11199.861
1,36,15,11200.861,11210.161
1,36,16,11210.361,11218.561
1,36,17,11218.661,11233.361
1,36,18,11233.461,11246.461
1,36,19,11246.561,11250.561
1,36,20,11252.461,11259.361
1,36,21,11259.361,11266.361
1,36,22,11266.661,11271.561
1,36,23,11271.961,11278.861
1,36,24,11278.961,11289.361
1,36,25,11289.761,11294.961
1,36,26,11295.261,11301.161
1,36,27,11301.361,11306.161
1,36,28,11306.361,11309.761
1,36,29,11309.861,11316.661
1,36,30,11316.661,11326.361
1,36,31,11328.061,11334.261
1,36,32,11334.361,11339.561
1,36,33,11339.861,11346.161
1,36,34,11346.261,11351.261
1,36,35,11351.861,11360.561
1,36,36,11360.661,11365.961
1,36,37,11366.361,11371.461
1,36,38,11371.861,11376.761
1,36,39,11376.961,11390.061
1,36,40,11391.961,11400.761
1,36,41,11400.861,11405.561
1,36,42,11405.661,11409.261
1,36,43,11409.361,11419.261
1,37,1,11423.361,11428.161
1,37,2,11428.461,11446.061
1,37,3,11446.461,11454.861
1,37,4,11455.361,11464.861
1,37,5,11465.161,11472.061
1,37,6,11472.361,11477.661
1,37,7,11479.361,11494.261
1,37,8,11494.761,11507.261
1,37,9,11507.761,11523.361
1,37,10,11524.161,11539.061
1,37,11,11539.861,11545.261
1,37,12,11547.861,11551.461
1,37,13,11551.861,11561.561
1,37,14,11561.961,11574.161
1,37,15,11574.561,11582.661
1,37,16,11583.261,11590.261
1,37,17,11591.761,11602.861
1,37,18,11603.261,11610.361
1,37,19,11610.761,11616.061
1,37,20,11616.361,11629.161
1,37,21,11629.761,11637.061
1,37,22,11637.361,11653.161
1,37,23,11653.761,11663.161
1,37,24,11663.861,11670.761
1,37,25,11670.961,11687.961
1,37,26,11688.661,11696.061
1,37,27,11696.161,11707.161
1,37,28,11707.761,11722.661
1,37,29,11723.061,11731.561
1,37,30,11731.861,11740.161
1,37,31,11742.161,11750.661
1,37,32,11750.961,11764.461
1,37,33,11764.761,11774.061
1,37,34,11774.561,11783.761
1,37,35,11783.961,11798.261
1,37,36,11800.161,11808.761
1,38,1,11811.061,11819.661
1,38,2,11819.961,11828.261
1,38,3,11828.761,11832.961
1,38,4,11833.961,11838.361
1,38,5,11838.661,11847.161
1,38,6,11848.161,11853.461
1,38,7,11854.161,11860.361
1,38,8,11860.761,11869.961
1,38,9,11871.861,11884.861
1,38,10,11885.761,11891.161
1,38,11,11891.661,11910.761
1,38,12,11911.661,11926.861
1,38,13,11928.461,11934.961
1,38,14,11935.561,11954.561
1,38,15,11955.261,11961.461
1,38,16,11961.761,11975.561
1,38,17,11975.861,11984.561
1,38,18,11984.961,12000.261
1,38,19,12001.961,12008.061
1,38,20,12008.361,12018.061
1,38,21,12018.461,12030.061
1,38,22,12030.561,12039.461
1,38,23,12040.261,12049.861
1,38,24,12050.361,12065.461
1,38,25,12065.961,12082.661
1,38,26,12083.261,12093.561
1,38,27,12095.561,12099.761
1,38,28,12099.861,12109.561
1,38,29,12110.161,12121.361
1,38,30,12121.761,12128.761
1,39,1,12131.861,12145.461
1,39,2,12147.061,12155.361
1,39,3,12155.961,12164.561
1,39,4,12165.161,12176.161
1,39,5,12176.961,12196.161
1,39,6,12197.561,12212.661
1,39,7,12214.061,12225.161
1,39,8,12225.461,12238.961
1,39,9,12239.361,12257.861
1,39,10,12258.261,12268.261
1,39,11,12268.561,12279.261
1,39,12,12279.661,12291.661
1,39,13,12292.161,12298.061
1,39,14,12298.261,12313.661
1,39,15,12313.761,12326.061
1,39,16,12327.461,12333.761
1,39,17,12333.961,12344.561
1,39,18,12345.461,12353.661
1,39,19,12354.161,12367.361
1,39,20,12367.661,12380.061
1,39,21,12380.261,12389.361
1,39,22,12389.561,12401.461
1,39,23,12401.661,12414.161
1,40,1,12417.761,12428.061
1,40,2,12428.561,12436.161
1,40,3,12436.261,12446.461
1,40,4,12446.961,12456.761
1,40,5,12457.661,12473.561
1,40,6,12474.161,12480.561
1,40,7,12480.861,12492.661
1,40,8,12492.961,12506.361
1,40,9,12506.861,12516.361
1,40,10,12516.561,12527.861
1,40,11,12528.361,12539.761
1,40,12,12540.361,12549.261
1,40,13,12549.661,12566.361
1,40,14,12568.061,12582.761
1,40,15,12583.161,12592.761
1,40,16,12593.761,12606.061
1,40,17,12606.361,12617.861
1,40,18,12618.361,12626.961
1,40,19,12627.361,12639.561
1,40,20,12640.261,12656.261
1,40,21,12656.561,12663.661
1,40,22,12664.061,12669.761
1,40,23,12670.161,12676.361
1,41,1,12682.361,12689.161
1,41,2,12689.361,12698.161
1,41,3,12698.661,12710.961
1,41,4,12711.861,12723.961
1,41,5,12724.261,12733.761
1,41,6,12734.161,12741.561
1,41,7,12742.461,12751.861
1,41,8,12752.661,12768.561
1,41,9,12770.761,12777.261
1,41,10,12778.161,12787.861
1,41,11,12788.361,12795.961
1,41,12,12796.361,12811.061
1,41,13,12811.961,12819.761
1,41,14,12820.361,12831.561
1,41,15,12832.061,12845.461
1,41,16,12845.861,12853.961
1,41,17,12854.261,12861.461
1,41,18,12861.661,12870.961
1,41,19,12871.361,12886.561
1,41,20,12886.861,12894.661
1,41,21,12895.461,12906.461
1,41,22,12908.161,12917.161
1,41,23,12917.561,12925.161
1,41,24,12925.761,12936.961
1,41,25,12937.761,12946.761
1,41,26,12947.561,12960.261
1,41,27,12961.061,12977.161
1,41,28,12977.661,12985.561
1,41,29,12986.061,12992.861
1,41,30,12993.661,13005.261
1,41,31,13006.961,13016.061
1,41,32,13016.261,13026.061
1,41,33,13026.161,13033.861
1,41,34,13034.261,13044.561
1,41,35,13045.461,13059.261
1,41,36,13059.761,13073.461
1,41,37,13074.361,13080.261
1,41,38,13082.761,13090.461
1,41,39,13090.961,13100.461
1,41,40,13100.861,13110.161
1,41,41,13112.661,13119.761
1,41,42,13120.061,13136.161
1,41,43,13136.961,13148.861
1,41,44,13149.261,13161.461
1,41,45,13163.761,13178.561
1,41,46,13178.861,13191.861
1,41,47,13192.561,13197.661
1,41,48,13197.961,13213.761
1,41,49,13215.161,13224.761
1,41,50,13225.461,13236.861
1,41,51,13237.161,13247.061
1,41,52,13247.761,13255.161
1,41,53,13256.561,13263.461
1,41,54,13263.561,13277.261
1,41,55,13277.961,13293.561
1,41,56,13294.061,13306.961
1,41,57,13307.361,13316.861
1,42,1,13319.761,13328.161
1,42,2,13328.661,13340.261
1,42,3,13341.761,13348.061
1,42,4,13348.261,13357.361
1,42,5,13357.661,13366.161
1,42,6,13367.861,13380.961
1,42,7,13382.761,13401.061
1,42,8,13402.961,13407.661
1,42,9,13407.961,13420.761
1,42,10,13421.561,13428.361
1,42,11,13428.861,13436.861
1,42,12,13436.961,13443.461
1,42,13,13443.561,13459.261
1,42,14,13459.361,13467.461
1,42,15,13467.861,13473.561
1,42,16,13474.361,13494.361
1,42,17,13494.461,13499.161
1,42,18,13499.361,13506.361
1,42,19,13506.661,13521.261
1,42,20,13522.561,13534.761
1,42,21,13535.161,13548.861
1,42,22,13551.161,13565.161
1,42,23,13565.361,13571.961
1,42,24,13572.261,13585.361
1,42,25,13586.161,13598.761
1,42,26,13600.661,13605.761
1,42,27,13605.961,13616.961
1,42,28,13617.261,13634.161
1,42,29,13636.161,13644.261
1,42,30,13644.961,13653.961
1,42,31,13654.561,13660.161
1,42,32,13660.561,13670.861
1,42,33,13671.161,13684.261
1,42,34,13685.461,13698.561
1,42,35,13699.061,13712.661
1,42,36,13713.161,13727.661
1,42,37,13727.861,13741.961
1,42,38,13743.261,13759.861
1,43,1,13762.861,13765.561
1,43,2,13766.161,13778.461
1,43,3,13778.861,13789.361
1,43,4,13789.761,13797.961
1,43,5,13798.761,13808.961
1,43,6,13809.361,13817.061
1,43,7,13818.661,13839.861
1,43,8,13840.361,13855.161
1,43,9,13855.461,13868.361
1,43,10,13868.861,13874.561
1,43,11,13874.861,13893.861
1,43,12,13894.261,13907.861
1,43,13,13908.161,13913.361
1,43,14,13913.661,13927.161
1,43,15,13928.761,13942.261
1,43,16,13942.561,13960.661
1,43,17,13960.761,13969.061
1,43,18,13971.061,13992.761
1,43,19,13993.061,14001.661
1,43,20,14001.861,14009.161
1,43,21,14009.561,14025.161
1,43,22,14025.661,14036.261
1,43,23,14037.961,14055.661
1,43,24,14056.061,14067.061
1,43,25,14067.361,14076.461
1,43,26,14076.961,14086.961
1,43,27,14087.261,14097.961
1,43,28,14098.261,14106.861
1,43,29,14107.261,14122.661
1,43,30,14124.161,14134.461
1,43,31,14134.561,14141.761
1,43,32,14142.061,14157.561
1,43,33,14158.061,14168.661
1,43,34,14168.961,14183.861
1,44,1,14377.6363,14392.8829
1,44,2,0.0,0.0
1,44,3,0.0,0.0
1,44,4,0.0,0.0
1,44,5,0.0,0.0
1,44,6,0.0,0.0
1,44,7,0.0,0.0
1,44,8,0.0,0.0
1,44,9,0.0,0.0
1,44,10,0.0,0.0
1,44,11,0.0,0.0
1,44,12,0.0,0.0
1,44,13,0.0,0.0
1,44,14,0.0,0.0
1,44,15,0.0,0.0
1,44,16,0.0,0.0
1,44,17,0.0,0.0
1,44,18,14377.6363,14392.8829
1,44,19,14392.8829,14398.9652
1,44,20,14398.9652,14411.8748
1,44,21,14412.3742,14418.5441
1,44,22,14418.5441,14426.8043
1,44,23,14427.1544,14437.2116
1,44,24,14438.957,14445.6623
1,44,25,14445.6623,14451.1062
1,44,26,14451.1062,14466.0805
1,44,27,14466.0805,14474.1039
1,44,28,14474.1039,14482.7709
1,44,29,14482.9882,14492.895
1,44,30,14494.7536,14504.7192
1,44,31,14504.9812,14516.5112
1,44,32,14516.9969,14527.8303
1,44,33,14527.9901,14538.4848
1,44,34,14538.8618,14548.9348
1,45,1,14552.2762,14567.1466
1,45,2,14567.4392,14575.0841
1,45,3,14575.5629,14588.7465
1,45,4,14589.116,14602.9658
1,45,5,14602.9658,14615.6654
1,45,6,14615.9464,14624.3782
1,45,7,14624.7946,14634.9126
1,45,8,14636.4167,14651.4428
1,45,9,14652.0882,14666.9789
1,45,10,14667.593,14681.0681
1,45,11,14681.2451,14691.691
1,45,12,14693.4033,14701.0596
1,45,13,14701.3875,14712.4372
1,45,14,14712.8796,14721.9671
1,45,15,14722.7322,14731.0078
1,45,16,14731.268,14742.1824
1,45,17,14742.5311,14754.3147
1,45,18,14754.5281,14766.9674
1,45,19,14768.7422,14782.7533
1,45,20,14783.0135,14789.7746
1,45,21,14790.0765,14800.4444
1,45,22,14800.4444,14812.051
1,45,23,14812.3474,14827.4868
1,45,24,14827.9982,14836.0248
1,45,25,14836.0248,14842.8718
1,45,26,14843.3193,14855.6984
1,45,27,14856.1691,14871.204
1,45,28,14871.5817,14881.2994
1,46,1,14884.364,14894.272
1,46,2,14894.272,14903.715
1,46,3,14903.715,14915.368
1,46,4,14916.589,14926.517
1,46,5,14926.629,14940.622
1,46,6,14940.93,14953.189
1,46,7,14953.487,14962.697
1,46,8,14965.012,14974.315
1,46,9,14974.415,14979.625
1,46,10,14979.625,14987.6
1,46,11,14987.693,14991.375
1,46,12,14991.375,15004.24
1,46,13,15004.324,15010.206
1,46,14,15010.728,15014.419
1,46,15,15014.419,15028.282
1,46,16,15029.536,15036.701
1,46,17,15036.841,15046.825
1,46,18,15047.123,15056.8
1,46,19,15056.949,15061.516
1,46,20,15061.73,15073.383
1,46,21,15073.7,15083.218
1,46,22,15083.572,15089.92
1,46,23,15089.92,15091.867
1,46,24,15091.867,15096.518
1,46,25,15096.863,15107.005
1,46,26,15107.453,15119.283
1,46,27,15119.88,15131.132
1,46,28,15132.922,15141.452
1,46,29,15141.732,15155.203
1,46,30,15156.005,15165.327
1,46,31,15167.471,15181.231
1,46,32,15181.222,15190.32
1,46,33,15190.432,15196.23
1,46,34,15196.314,15214.046
1,47,1,15216.601,15229.167
1,47,2,15229.642,15235.888
1,47,3,15235.888,15247.504
1,47,4,15247.504,15263.091
1,47,5,15263.203,15270.285
1,47,6,15270.397,15288.362
1,47,7,15288.875,15298.057
1,47,8,15298.234,15304.498
1,47,9,15304.862,15324.169
1,47,10,15324.272,15329.762
1,47,11,15331.366,15345.107
1,47,12,15345.321,15353.133
1,47,13,15354.746,15366.362
1,47,14,15366.716,15381.166
1,47,15,15381.632,15397.285
1,47,16,15397.285,15405.768
1,47,17,15405.833,15424.069
1,47,18,15425.551,15447.842
1,47,19,15448.28,15467.653
1,47,20,15468.203,15480.686
1,47,21,15480.882,15487.873
1,47,22,15488.283,15502.761
1,47,23,15503.731,15515.822
1,47,24,15516.596,15533.33
1,47,25,15535.129,15542.811
1,47,26,15543.044,15557.634
1,47,27,15559.312,15569.567
1,47,28,15574.799,15587.429
1,47,29,15588.371,15607.454
1,47,30,15607.594,15621.326
1,47,31,15621.475,15631.086
1,48,1,15634.853,15646.291
1,48,2,15646.739,15656.778
1,48,3,15657.188,15666.333
1,48,4,15666.585,15680.196
1,48,5,15680.364,15695.233
1,48,6,15695.55,15704.704
1,48,7,15706.709,15722.566
1,48,8,15722.836,15728.494
1,48,9,15728.979,15740.436
1,48,10,15740.986,15752.536
1,48,11,15752.536,15763.21
1,48,12,15763.378,15770.229
1,48,13,15770.667,15783.327
1,48,14,15783.327,15798.169
1,48,15,15798.747,15812.973
1,48,16,15812.973,15826.91
1,48,17,15827.656,15842.647
1,48,18,15843.225,15852.295
1,48,19,15852.481,15871.062
1,48,20,15872.171,15887.171
1,48,21,15887.292,15899.178
1,48,22,15899.383,15909.684
1,49,1,15912.817,15922.195
1,49,2,15922.475,15928.244
1,49,3,15928.719,15937.286
1,49,4,15938.358,15950.048
1,49,5,15950.757,15956.284
1,49,6,15956.461,15968.562
1,49,7,15969.28,15980.01
1,49,8,15980.672,15990.218
1,49,9,15990.768,16001.517
1,49,10,16001.759,16012.853
1,49,11,16013.114,16025.531
1,49,12,16025.857,16031.972
1,49,13,16032.839,16041.676
1,49,14,16042.776,16048.993
1,49,15,16049.646,16060.879
1,49,16,16062.408,16067.842
1,49,17,16067.945,16078.385
1,49,18,16079.355,16083.036
1,49,19,16084.229,16089.766
1,49,20,16090.792,16097.261
1,49,21,16097.485,16103.749
1,49,22,16103.749,16110.19
1,49,23,16110.442,16116.305
1,49,24,16116.613,16128.191
1,49,25,16129.049,16145.214
1,49,26,16145.326,16157.678
1,49,27,16160.102,16168.054
1,49,28,16169.853,16182.877
1,49,29,16184.033,16195.966
1,49,30,16196.05,16209.819
1,49,31,16210.518,16222.013
1,49,32,16222.106,16227.139
1,49,33,16227.279,16237.878
1,50,1,16241.216,16248.244
1,50,2,16248.244,16258.452
1,50,3,16259.953,16270.524
1,50,4,16271.41,16283.193
1,50,5,16283.258,16299.554
1,50,6,16300.179,16306.974
1,50,7,16307.263,16318.282
1,50,8,16318.608,16328.107
1,50,9,16328.247,16335.424
1,50,10,16335.927,16350.079
1,50,11,16350.182,16367.279
1,50,12,16368.733,16373.273
1,50,13,16373.394,16389.961
1,50,14,16390.147,16400.719
1,50,15,16402.686,16417.248
1,50,16,16417.351,16424.146
1,50,17,16424.146,16443.556
1,50,18,16443.752,16452.384
1,50,19,16453.689,16460.345
1,50,20,16460.457,16471.168
1,50,21,16471.28,16482.047
1,50,22,16484.089,16492.609
1,50,23,16492.833,16502.863
1,50,24,16503.413,16518.972
1,50,25,16519.179,16529.763
1,50,26,16530.114,16540.67
2,1,1,3.7768,10.8953
2,1,2,11.5624,14.7476
2,1,3,15.105,17.9519
2,1,4,18.1588,20.6107
2,1,5,21.1561,28.9063
2,1,6,29.1884,33.5325
2,1,7,33.8146,43.8563
2,1,8,46.8468,51.3151
2,1,9,51.9734,57.3435
2,1,10,57.7949,70.6236
2,1,11,71.1879,82.5035
2,1,12,82.9949,89.9986
2,1,13,90.6005,95.3603
2,1,14,98.4458,110.5108
2,1,15,110.9434,120.123
2,1,16,120.3238,131.809
2,1,17,132.1705,143.8125
2,1,18,145.4318,157.2796
2,1,19,157.2796,169.5011
2,1,20,170.2006,175.804
2,1,21,176.4869,181.9342
2,1,22,182.135,192.3934
2,2,1,197.3119,201.1977
2,2,2,201.499,209.7492
2,2,3,210.2513,224.7904
2,2,4,225.172,230.1347
2,2,5,230.7573,245.6971
2,2,6,246.6069,259.8628
2,2,7,259.682,270.0515
2,2,8,270.2724,277.3072
2,2,9,277.5281,290.8106
2,2,10,293.0221,304.3664
2,2,11,304.8484,317.432
2,2,12,317.7534,326.0633
2,2,13,326.6832,336.4206
2,2,14,336.9227,350.0576
2,2,15,350.6401,363.7521
2,2,16,364.194,373.2029
2,2,17,374.617,381.6268
2,2,18,382.0687,388.3098
2,2,19,388.5508,397.1926
2,2,20,397.5158,406.0808
2,2,21,407.1261,413.4335
2,2,22,413.554,422.9628
2,2,23,423.4247,437.7116
2,2,24,439.1057,448.029
2,2,25,448.2298,452.5245
2,3,1,457.8118,468.3768
2,3,2,469.1199,481.3282
2,3,3,481.3282,490.8652
2,3,4,491.3643,502.0491
2,3,5,502.2299,513.423
2,3,6,513.6841,526.997
2,3,7,527.3697,540.3902
2,3,8,541.6079,560.5261
2,3,9,560.5261,570.6892
2,3,10,571.0442,578.6885
2,3,11,578.9905,587.7516
2,3,12,588.1935,601.8645
2,3,13,603.3106,617.2059
2,3,14,617.3264,628.2292
2,3,15,628.5706,644.5926
2,3,16,645.2755,661.9888
2,3,17,662.5244,677.3102
2,3,18,677.7922,697.2841
2,3,19,698.9109,704.9918
2,3,20,705.1769,715.6768
2,3,21,716.1387,723.8787
2,3,22,724.2201,738.5074
2,4,1,740.1957,749.3633
2,4,2,749.765,755.1062
2,4,3,755.7288,765.0284
2,4,4,765.41,775.6901
2,4,5,776.0315,784.2127
2,4,6,784.3533,796.662
2,4,7,797.0034,807.5004
2,4,8,807.9021,816.1329
2,4,9,817.5388,835.4464
2,4,10,836.2096,850.8234
2,4,11,851.3657,862.9949
2,4,12,863.256,869.6314
2,4,13,870.2339,874.4581
2,4,14,874.92,890.8841
2,4,15,890.9444,902.4476
2,4,16,903.7531,912.0842
2,4,17,912.2449,918.9404
2,4,18,919.4626,935.4066
2,4,19,935.6074,944.7122
2,4,20,944.9331,955.6999
2,4,21,956.3073,972.4272
2,4,22,972.7887,978.8538
2,4,23,979.0346,989.6914
2,4,24,991.8601,999.1684
2,4,25,999.6504,1010.1759
2,4,26,1010.5776,1016.3349
2,4,27,1016.596,1028.5833
2,4,28,1028.8444,1037.0049
2,4,29,1037.3463,1042.9027
2,4,30,1043.1236,1051.2502
2,4,31,1052.0737,1062.8813
2,5,1,1065.3146,1078.0131
2,5,2,1078.6156,1088.7962
2,5,3,1089.3385,1103.5954
2,5,4,1103.9368,1112.888
2,5,5,1113.3901,1120.7741
2,5,6,1121.1557,1127.2191
2,5,7,1127.7815,1136.8872
2,5,8,1137.2487,1152.3032
2,5,9,1152.7651,1160.0179
2,5,10,1161.8255,1171.2055
2,5,11,1171.7076,1180.648
2,5,12,1180.9493,1186.2935
2,5,13,1186.7359,1194.9445
2,5,14,1195.0851,1209.6633
2,5,15,1210.1052,1218.8628
2,5,16,1219.2243,1228.5779
2,5,17,1228.839,1237.1027
2,5,18,1237.3622,1244.4253
2,5,19,1245.0278,1254.1886
2,5,20,1255.8154,1262.3878
2,5,21,1262.3878,1276.4639
2,5,22,1276.9459,1287.0974
2,5,23,1287.3585,1296.7899
2,6,1,1296.9337,1308.2917
2,6,2,1312.8231,1317.7979
2,6,3,1318.0188,1326.6164
2,6,4,1326.9378,1336.142
2,6,5,1336.624,1345.5026
2,6,6,1345.5026,1362.2098
2,6,7,1362.6918,1376.3863
2,6,8,1378.3948,1391.5671
2,6,9,1392.029,1400.1208
2,6,10,1400.4422,1403.0612
2,6,11,1403.4428,1409.1724
2,6,12,1409.4938,1420.6005
2,6,13,1421.4039,1433.8732
2,6,14,1435.1586,1445.5191
2,6,15,1446.1618,1456.2929
2,6,16,1456.6745,1467.8291
2,6,17,1468.1304,1471.4974
2,6,18,1471.7384,1482.5286
2,6,19,1482.8098,1488.7522
2,6,20,1490.1581,1501.8241
2,6,21,1502.2258,1507.1962
2,6,22,1507.1962,1511.2743
2,6,23,1511.5354,1521.853
2,6,24,1521.9534,1527.7052
2,6,25,1527.9261,1538.4946
2,6,26,1538.7758,1547.1305
2,6,27,1547.3514,1556.1521
2,6,28,1556.4534,1560.6061
2,6,29,1560.8471,1569.5088
2,6,30,1569.7297,1578.5279
2,7,1,1581.786,1590.4013
2,7,2,1590.6825,1600.7516
2,7,3,1601.3384,1608.8421
2,7,4,1609.4761,1622.0345
2,7,5,1623.7216,1632.4456
2,7,6,1632.8473,1638.3532
2,7,7,1638.775,1645.7329
2,7,8,1646.1948,1649.3103
2,7,9,1649.6317,1659.4544
2,7,10,1660.1675,1673.651
2,7,11,1673.9724,1682.2359
2,7,12,1682.9482,1690.87
2,7,13,1691.8541,1697.3341
2,7,14,1699.0413,1705.1421
2,7,15,1705.363,1718.0332
2,7,16,1718.214,1729.7582
2,7,17,1729.8185,1742.3079
2,7,18,1742.6694,1751.4534
2,7,19,1751.4534,1773.096
2,7,20,1773.4374,1790.5311
2,7,21,1792.0776,1804.6675
2,7,22,1804.8884,1815.1203
2,7,23,1815.4818,1821.5863
2,7,24,1822.0683,1830.1146
2,7,25,1830.7372,1836.4106
2,7,26,1836.5311,1846.467
2,7,27,1847.3306,1854.2655
2,7,28,1854.5467,1869.9283
2,7,29,1870.0287,1876.0322
2,8,1,1878.6339,1892.5867
2,8,2,1893.8325,1903.1368
2,8,3,1904.6431,1911.0549
2,8,4,1911.4164,1924.0407
2,8,5,1924.5987,1938.8399
2,8,6,1939.6835,1947.242
2,8,7,1948.0401,1957.1085
2,8,8,1957.691,1965.7066
2,8,9,1966.4497,1974.4229
2,8,10,1974.8246,1979.7689
2,8,11,1980.5924,1990.2825
2,8,12,1990.7777,2002.403
2,8,13,2002.7846,2018.1662
2,8,14,2018.6683,2024.7324
2,8,15,2025.1542,2038.8487
2,8,16,2039.8931,2053.8487
2,8,17,2054.0696,2069.8727
2,8,18,2070.3346,2083.6293
2,8,19,2084.0712,2090.5369
2,8,20,2091.983,2104.5728
2,8,21,2104.9544,2111.6168
2,8,22,2111.9382,2124.769
2,8,23,2125.1305,2132.975
2,8,24,2133.1558,2144.5839
2,8,25,2144.6442,2162.5991
2,8,26,2163.1091,2166.6661
2,8,27,2166.9071,2176.4533
2,8,28,2176.7546,2182.9107
2,9,1,2185.8311,2195.559
2,9,2,2195.9205,2200.2814
2,9,3,2200.5827,2212.6872
2,9,4,2212.9483,2221.1012
2,9,5,2221.4565,2228.6013
2,9,6,2229.5654,2240.5029
2,9,7,2240.9046,2250.4223
2,9,8,2252.4709,2263.5425
2,9,9,2263.8839,2274.814
2,9,10,2275.2358,2288.1671
2,9,11,2289.4324,2298.5687
2,9,12,2299.111,2304.993
2,9,13,2305.2742,2317.864
2,9,14,2318.1653,2329.7166
2,9,15,2330.3392,2338.6403
2,9,16,2338.6403,2349.0081
2,9,17,2349.2334,2353.6106
2,9,18,2353.7713,2364.2789
2,9,19,2364.4396,2380.3032
2,9,20,2380.6045,2386.7458
2,9,21,2387.0471,2393.1857
2,9,22,2393.3665,2406.2482
2,9,23,2406.6901,2419.6137
2,9,24,2419.9953,2431.7245
2,9,25,2432.0659,2444.696
2,9,26,2445.2182,2450.5176
2,9,27,2450.7385,2462.3041
2,9,28,2462.5652,2471.5284
2,9,29,2473.1352,2485.7049
2,9,30,2485.7049,2491.456
2,9,31,2491.7573,2498.7308
2,9,32,2499.3575,2504.5201
2,9,33,2505.2431,2516.7759
2,9,34,2517.3337,2526.4378
2,9,35,2527.145,2534.234
2,10,1,2540.634,2550.834
2,10,2,2551.434,2566.734
2,10,3,2567.134,2582.434
2,10,4,2583.234,2589.534
2,10,5,2589.834,2605.534
2,10,6,2605.934,2624.734
2,10,7,2625.234,2638.234
2,10,8,2638.734,2648.534
3,1,1,3.3933,8.733
3,1,2,8.733,21.2754
3,1,3,21.2754,31.6437
3,1,4,31.6437,37.102
3,1,5,37.102,50.5476
3,1,6,51.0517,55.6594
3,1,7,55.6594,63.3391
3,1,8,63.3391,74.7734
3,1,9,75.1725,85.9294
3,1,10,85.9294,94.5858
3,1,11,94.8799,106.7501
3,1,12,106.7501,118.3157
3,1,13,118.3157,131.7088
3,1,14,131.7088,141.1319
3,1,15,141.5047,151.8941
3,1,16,152.2617,161.1754
3,1,17,161.3067,175.603
3,2,1,179.0819,189.0666
3,2,2,192.4079,206.2619
3,2,3,206.2619,214.1873
3,2,4,214.8588,224.9456
3,2,5,225.1582,232.5087
3,2,6,232.9396,238.7288
3,2,7,239.1821,244.3725
3,2,8,244.6187,253.9837
3,2,9,254.4314,264.2328
3,2,10,264.5182,271.6952
3,2,11,273.4243,283.6231
3,2,12,284.0484,290.7721
3,2,13,291.0687,303.1029
3,2,14,303.1029,313.1338
3,2,15,313.3129,319.0014
3,2,16,319.0014,327.7173
3,3,1,332.1052,341.5586
3,3,2,341.9391,354.2867
3,3,3,355.1485,365.1905
3,3,4,365.543,376.5252
3,3,5,376.8889,387.0597
3,3,6,387.6361,395.1656
3,3,7,395.2663,401.0499
3,3,8,401.1954,410.8066
3,3,9,411.3494,426.8698
3,3,10,427.0489,437.3931
3,3,11,437.6785,442.9249
3,3,12,444.8779,448.6861
3,3,13,448.6861,458.37
3,3,14,458.6498,468.4121
3,3,15,469.3858,479.9315
3,3,16,480.1777,487.78
3,3,17,488.0038,495.7404
3,4,1,500.4567,503.2025
3,4,2,503.4711,514.9401
3,4,3,515.3878,526.3979
3,4,4,527.3884,537.4416
3,4,5,537.934,544.0982
3,4,6,544.4731,554.0675
3,4,7,559.0316,571.7913
3,4,8,572.502,582.5608
3,4,9,582.8742,594.0074
3,4,10,594.4383,602.2924
3,4,11,602.8184,609.8555
3,4,12,612.0938,625.0625
3,4,13,625.8459,638.5404
3,4,14,639.1839,650.9271
3,4,15,651.4867,660.7118
3,4,16,661.2882,666.1988
3,4,17,666.445,674.9202
3,4,18,675.2839,689.5565
3,4,19,691.2409,696.2299
3,4,20,696.4537,704.8506
3,4,21,705.3486,714.0701
3,4,22,714.4618,724.2968
3,4,23,724.515,734.0031
3,4,24,735.1782,743.6031
3,4,25,744.0284,754.3894
3,4,26,754.9993,764.5602
3,4,27,765.0079,776.018
3,4,28,776.337,786.0041
3,4,29,786.3454,792.0731
3,4,30,792.5152,804.0961
3,4,31,804.4766,820.3104
3,4,32,820.8476,827.0117
3,4,33,827.4985,835.8451
3,4,34,836.3655,848.6068
3,4,35,855.1608,867.4932
3,5,1,872.6441,880.9422
3,5,2,881.278,894.4537
3,5,3,894.6831,902.9737
3,5,4,903.2815,916.2502
3,5,5,916.6139,923.1586
3,5,6,923.4496,935.73
3,5,7,936.1777,948.9169
3,5,8,949.566,958.2651
3,5,9,958.5169,968.2344
3,5,10,968.2344,977.549
3,5,11,978.2597,994.4908
3,5,12,996.634,1008.2653
3,5,13,1008.7186,1018.201
3,5,14,1019.0795,1021.9701
3,5,15,1026.2611,1039.283
3,5,16,1039.6467,1053.1582
3,5,17,1053.8801,1063.883
3,5,18,1064.2188,1077.2042
3,5,19,1077.428,1080.6991
3,5,20,1081.0237,1083.6792
3,5,21,1084.1828,1095.7917
3,5,22,1096.0267,1105.3134
3,5,23,1105.638,1119.7594
3,5,24,1119.8769,1131.1557
3,5,25,1131.7377,1139.5974
3,5,26,1139.7541,1148.3972
3,6,1,1155.4174,1158.4102
3,6,2,1159.1209,1172.5205
3,6,3,1173.2703,1188.3263
3,6,4,1188.9698,1197.529
3,6,5,1199.1182,1213.9559
3,6,6,1214.6218,1218.3745
3,6,7,1219.1543,1226.7188
3,6,8,1227.2728,1242.0601
3,6,9,1242.6533,1253.0311
3,6,10,1253.4452,1262.3737
3,6,11,1264.4554,1274.7772
3,6,12,1275.2249,1277.7125
3,6,13,1278.0594,1292.6957
3,6,14,1292.6657,1302.4085
3,6,15,1302.7778,1311.6112
3,6,16,1312.2995,1317.4396
3,6,17,1317.8033,1320.3861
3,6,18,1320.6267,1332.5714
3,6,19,1332.8904,1339.6253
3,6,20,1339.9107,1350.8817
3,6,21,1351.8946,1361.489
3,6,22,1362.015,1366.9984
3,6,23,1367.6587,1377.4546
3,7,1,1381.1637,1385.5403
3,7,2,1385.8649,1393.4336
3,7,3,1393.6574,1399.732
3,7,4,1399.939,1410.6134
3,7,5,1411.5591,1417.0238
3,7,6,1417.2364,1423.3558
3,7,7,1423.6468,1430.6839
3,7,8,1431.0085,1438.0567
3,7,9,1439.7802,1449.9006
3,7,10,1450.1804,1457.6428
3,7,11,1458.0345,1462.4304
3,7,12,1462.8613,1477.3129
3,7,13,1477.6095,1483.3651
3,7,14,1483.5777,1492.6126
3,7,15,1493.0882,1500.836
3,7,16,1500.9647,1511.3313
3,7,17,1511.6335,1517.9487
3,7,18,1518.5139,1533.5083
3,7,19,1534.0567,1542.476
3,7,20,1545.2963,1554.5606
3,7,21,1554.79,1569.5606
3,7,22,1569.8348,1572.2609
3,7,23,1572.6806,1578.6713
3,7,24,1578.8392,1586.1281
3,7,25,1586.7436,1595.8008
3,7,26,1596.0358,1601.5397
3,7,27,1601.6684,1606.7302
3,7,28,1607.2562,1609.6375
3,7,29,1610.0348,1618.6499
3,7,30,1618.8793,1629.2851
3,7,31,1629.9622,1636.4957
3,7,32,1636.9098,1641.938
3,7,33,1642.3689,1649.7529
3,7,34,1650.0998,1663.9079
3,7,35,1664.2045,1671.1632
3,7,36,1672.8028,1680.6513
3,7,37,1680.8919,1688.6341
3,7,38,1689.037,1699.8961
3,8,1,1704.0064,1706.7177
3,8,2,1707.1374,1718.1308
3,8,3,1718.5953,1723.0191
3,8,4,1723.45,1730.2297
3,8,5,1730.5375,1735.5992
3,8,6,1735.9853,1740.7785
3,8,7,1741.0359,1755.5659
3,8,8,1756.1031,1762.5582
3,8,9,1763.5431,1774.8946
3,8,10,1776.758,1783.7727
3,8,11,1784.2036,1794.8332
3,8,12,1795.169,1800.8686
3,8,13,1801.1988,1812.83
3,8,14,1813.3168,1821.0254
3,8,15,1821.4955,1837.8049
3,8,16,1838.163,1849.0725
3,8,17,1849.5146,1859.3272
3,8,18,1859.6238,1865.7767
3,8,19,1866.118,1870.318
3,8,20,1870.7433,1878.6925
3,8,21,1879.5878,1892.9147
3,8,22,1893.6198,1901.1829
3,8,23,1901.7984,1913.4277
3,8,24,1913.7467,1928.6347
3,8,25,1930.2799,1941.3404
3,8,26,1941.5978,1955.585
3,8,27,1955.8928,1963.4783
3,8,28,1963.926,1974.6675
3,8,29,1975.0592,1986.5002
3,8,30,1986.6457,2002.5298
3,8,31,2002.8991,2019.3652
3,8,32,2019.7233,2024.0744
3,8,33,2024.4157,2034.3403
3,8,34,2035.0062,2040.6275
3,8,35,2040.9633,2050.7479
3,8,36,2051.1788,2057.2142
3,9,1,2064.5522,2070.8021
3,9,2,2070.7182,2079.8649
3,9,3,2080.3741,2090.456
3,9,4,2090.8533,2101.2759
3,9,5,2101.6396,2109.13
3,9,6,2111.3124,2119.547
3,9,7,2119.7988,2135.7445
3,9,8,2136.3013,2141.7546
3,9,9,2142.0568,2154.4547
3,9,10,2155.0591,2166.0748
3,9,11,2166.4329,2171.6961
3,9,12,2171.9815,2179.7404
3,9,13,2180.272,2187.0965
3,9,14,2187.3483,2193.0928
3,9,15,2193.4062,2203.023
3,9,16,2203.023,2206.4247
3,9,17,2206.822,2214.2748
3,9,18,2214.8456,2225.811
3,9,19,2226.3762,2234.5269
3,9,20,2234.8123,2240.5176
3,9,21,2240.9261,2248.7354
3,9,22,2250.2239,2258.3522
3,9,23,2258.7831,2268.0249
3,9,24,2268.3439,2280.227
3,10,1,2285.0721,2299.6779
3,10,2,2300.1927,2306.7094
3,10,3,2307.2858,2319.0346
3,10,4,2319.9243,2333.6933
3,10,5,2334.1242,2341.497
3,10,6,2341.7314,2359.4383
3,10,7,2359.4383,2368.7081
3,10,8,2369.1222,2371.5651
3,10,9,2371.6546,2382.7431
3,10,10,2384.198,2388.8686
3,10,11,2389.0309,2395.2566
3,10,12,2395.777,2410.044
3,10,13,2410.4357,2418.9837
3,10,14,2419.5041,2433.6983
3,10,15,2434.0341,2448.536
3,10,16,2449.1012,2459.2022
3,10,17,2459.2022,2470.4138
3,10,18,2470.6656,2478.6372
3,10,19,2479.0737,2493.5477
3,10,20,2493.6428,2497.1448
3,11,1,2502.0629,2505.9655
3,11,2,2506.3013,2514.1777
3,11,3,2514.5414,2523.2517
3,11,4,2523.6546,2535.7336
3,11,5,2536.1589,2541.5116
3,11,6,2541.9481,2548.4592
3,11,7,2548.6103,2557.5947
3,11,8,2557.785,2563.2328
3,11,9,2563.563,2573.2413
3,11,10,2573.5099,2585.421
3,11,11,2586.6913,2592.2399
3,11,12,2592.4973,2597.5703
3,11,13,2597.7718,2606.717
3,11,14,2606.7487,2609.88
3,11,15,2610.0926,2611.8137
3,11,16,2611.8579,2617.7475
3,11,17,2618.1792,2621.9065
3,11,18,2622.07,2626.2377
3,11,19,2626.4168,2632.0829
3,11,20,2632.3403,2637.5252
3,11,21,2637.7378,2648.6473
3,11,22,2650.0239,2659.8813
3,11,23,2660.5976,2665.346
3,11,24,2665.7657,2671.2248
3,11,25,2671.4542,2676.6503
3,11,26,2677.1651,2688.8076
3,11,27,2689.0986,2699.2805
3,11,28,2699.5827,2706.4855
3,11,29,2706.8324,2714.6362
3,11,30,2715.207,2720.8899
3,11,31,2722.1602,2729.768
3,11,32,2728.397,2744.0182
3,11,33,2744.4938,2752.4151
3,11,34,2752.6725,2761.2876
3,11,35,2761.5618,2770.5295
3,11,36,2770.6358,2777.3372
3,11,37,2777.4659,2783.6021
3,11,38,2783.8931,2789.7886
3,11,39,2790.1803,2796.8089
3,11,40,2798.2302,2807.5784
3,11,41,2807.8302,2813.0319
3,11,42,2813.3677,2824.5065
3,11,43,2825.122,2834.2632
3,11,44,2834.4479,2846.7059
3,11,45,2846.9689,2857.1229
3,11,46,2857.4642,2865.8332
3,11,47,2866.6517,2875.1703
3,12,1,2881.0959,2883.5725
3,12,2,2883.9874,2893.7076
3,12,3,2894.3064,2897.2103
3,12,4,2897.4867,2908.8941
3,12,5,2909.5332,2918.7874
3,12,6,2918.7874,2931.1966
3,12,7,2931.4614,2941.1359
3,12,8,2941.3719,2953.643
3,13,1,2957.3277,2960.3698
3,13,2,2960.4446,2972.2839
3,13,3,2972.6984,2985.5049
3,13,4,2985.7985,2997.1196
3,13,5,2997.7241,3009.1488
3,13,6,3009.9024,3023.6423
3,13,7,3023.8955,3033.6576
3,13,8,3033.8367,3041.0725
3,13,9,3042.3511,3047.3077
3,13,10,3047.4992,3056.3286
3,13,11,3056.5695,3064.108
3,13,12,3064.4415,3075.3711
3,13,13,3076.0011,3085.5347
3,13,14,3085.9856,3089.7995
3,13,15,3090.0898,3096.535
3,13,16,3096.8685,3102.449
3,13,17,3102.5725,3110.4507
3,13,18,3110.9078,3115.0984
3,13,19,3115.3269,3123.1335
3,13,20,3123.3497,3134.3904
3,13,21,3135.9902,3146.1291
3,13,22,3146.5059,3151.9381
3,13,23,3152.111,3159.631
3,13,24,3159.9584,3168.7692
3,13,25,3169.0472,3183.3801
3,13,26,3183.6272,3194.6432
3,13,27,3195.1126,3203.9915
3,13,28,3204.1521,3215.3657
3,13,29,3216.6875,3222.9906
3,13,30,3222.9906,3236.1129
3,13,31,3236.7985,3249.3031
3,13,32,3249.9702,3261.19
3,13,33,3261.3135,3268.2158
3,13,34,3269.1176,3281.9372
3,13,35,3282.4128,3287.357
3,13,36,3288.0179,3296.0135
3,13,37,3297.5468,3306.1091
3,13,38,3306.5106,3311.9737
3,13,39,3312.2084,3321.4208
3,13,40,3321.6432,3325.8523
3,13,41,3325.9573,3331.0065
3,13,42,3331.6242,3342.2634
3,13,43,3342.6958,3353.1929
3,13,44,3353.372,3360.1384
3,13,45,3360.6017,3370.2773
3,13,46,3370.5305,3378.1184
3,13,47,3378.7855,3384.928
3,13,48,3385.243,3391.4782
3,13,49,3391.7253,3404.1743
3,13,50,3405.8359,3410.4156
3,13,51,3410.6256,3425.7677
3,13,52,3426.1136,3439.2606
3,13,53,3440.2489,3447.9356
3,13,54,3448.1024,3454.4509
3,13,55,3455.1736,3471.3225
3,13,56,3471.6931,3481.2823
3,13,57,3481.5294,3492.1562
3,13,58,3492.4033,3501.8504
3,13,59,3502.3075,3513.657
3,14,1,3520.5796,3522.8229
3,14,2,3522.8484,3532.0465
3,14,3,3532.4207,3535.7518
3,14,4,3536.3288,3545.2623
3,14,5,3545.6951,3551.3109
3,14,6,3551.8213,3564.6607
3,14,7,3564.8937,3573.7904
3,14,8,3574.1455,3586.445
3,14,9,3588.0419,3602.367
3,14,10,3602.6222,3616.2383
3,14,11,3616.4935,3623.8786
3,14,12,3624.8107,3634.1224
3,14,13,3634.4442,3646.8475
3,14,14,3647.0649,3657.262
3,14,15,3657.5061,3662.6999
3,14,16,3662.9551,3673.9962
3,14,17,3675.3314,3686.9797
3,14,18,3687.2558,3695.6575
3,14,19,3696.0535,3703.1352
3,14,20,3703.7816,3712.3708
3,14,21,3712.8701,3726.1923
3,14,22,3726.3809,3734.4587
3,14,23,3734.836,3742.0963
3,14,24,3742.8412,3749.6839
3,14,25,3750.2831,3762.2743
3,14,26,3762.9068,3767.3834
3,14,27,3767.8777,3775.4986
3,14,28,3777.2683,3788.4456
3,14,29,3788.7341,3795.2456
3,14,30,3796.0836,3802.3608
3,14,31,3802.5272,3811.1927
3,14,32,3811.7549,3812.1545
3,14,33,3812.1323,3815.5472
3,14,34,3816.9437,3825.2426
3,14,35,3825.7863,3831.7403
3,14,36,3832.5947,3843.9773
3,14,37,3844.6568,3855.6014
3,14,38,3856.0572,3862.0242
3,14,39,3862.6456,3869.7655
3,14,40,3869.9763,3880.1826
3,14,41,3880.483,3889.8954
3,14,42,3890.2949,3899.7482
3,14,43,3900.3585,3909.1702
3,14,44,3909.381,3918.6278
3,14,45,3919.0384,3928.8622
3,14,46,3929.0286,3935.2504
3,14,47,3936.1936,3941.8919
3,14,48,3942.136,3953.6131
3,14,49,3954.29,3961.5232
3,14,50,3963.1211,3967.6649
3,14,51,3967.9423,3981.2402
3,14,52,3981.4843,3991.979
3,14,53,3992.4118,3999.636
3,14,54,4000.0393,4003.8645
3,14,55,4004.4526,4007.1852
3,14,56,4007.5292,4011.2607
3,14,57,4011.5714,4017.0106
3,15,1,4020.9766,4024.023
3,15,2,4024.2893,4032.5373
3,15,3,4032.9035,4041.4709
3,15,4,4041.6706,4048.9624
3,15,5,4049.5172,4056.705
3,15,6,4057.2265,4065.7136
3,15,7,4065.9466,4073.0148
3,15,8,4073.2922,4080.0098
3,15,9,4080.5757,4084.9452
3,15,10,4085.1885,4096.9129
3,15,11,4097.2791,4106.1678
3,15,12,4106.7448,4113.6988
3,15,13,4114.3868,4125.1394
3,15,14,4125.6942,4136.1443
3,15,15,4136.2997,4144.8495
3,15,16,4145.7261,4153.4845
3,15,17,4153.7175,4161.9827
3,15,18,4162.2268,4170.7864
3,15,19,4171.7407,4181.7904
3,15,20,4182.1455,4187.6594
3,15,21,4188.0478,4194.6941
3,15,22,4194.9604,4203.1277
3,15,23,4203.4273,4211.137
3,15,24,4211.3811,4221.592
3,15,25,4221.936,4234.7157
3,15,26,4235.1707,4247.8751
3,15,27,4249.5738,4255.4327
3,15,28,4255.7989,4262.0862
3,15,29,4262.519,4271.6961
3,15,30,4272.3286,4281.2241
3,15,31,4281.6125,4290.1326
3,15,32,4290.4766,4297.6363
3,15,33,4297.8249,4306.3883
3,16,1,4311.9874,4319.362
3,16,2,4319.8124,4339.0431
3,16,3,4339.9822,4346.7772
3,16,4,4349.5771,4362.91
3,16,5,4364.1397,4370.5809
3,16,6,4370.9826,4376.455
3,16,7,4376.7947,4383.0546
3,16,8,4383.5673,4391.1119
3,16,9,4391.6122,4398.4404
3,16,10,4399.0025,4409.7652
3,16,11,4410.4879,4419.2617
3,16,12,4419.6138,4432.1369
3,16,13,4432.3654,4441.5469
3,16,14,4441.9052,4452.8532
3,16,15,4454.4962,4467.8779
3,16,16,4468.8044,4480.3763
3,16,17,4481.2596,4492.3435
3,16,18,4492.64,4504.0204
3,16,19,4505.096,4512.1148
3,16,20,4512.3495,4520.3512
3,16,21,4522.3774,4540.3705
3,16,22,4540.9364,4548.4844
3,16,23,4548.8839,4557.4664
3,16,24,4558.181,4569.5708
3,16,25,4570.0036,4573.0863
3,16,26,4573.5302,4583.6629
3,16,27,4584.3731,4598.0691
3,16,28,4598.9457,4606.2253
3,16,29,4606.4694,4619.6606
3,16,30,4620.0046,4628.5493
3,16,31,4628.971,4634.6428
3,16,32,4635.1796,4644.9641
3,16,33,4645.4967,4655.5428
3,16,34,4656.0089,4667.1703
3,17,1,4672.5148,4675.364
3,17,2,4675.8522,4684.8763
3,17,3,4685.3534,4694.7985
3,17,4,4695.0981,4709.7208
3,17,5,4710.9747,4726.1744
3,17,6,4726.9179,4736.0252
3,17,7,4736.5689,4746.1131
3,17,8,4747.5652,4756.3143
3,17,9,4756.5251,4763.7866
3,17,10,4764.2527,4777.5083
3,17,11,4778.2851,4789.0126
3,17,12,4789.2345,4798.8307
3,17,13,4800.1512,4811.9611
3,17,14,4812.2586,4824.0207
3,17,15,4824.3563,4834.6753
3,17,16,4834.9194,4839.6045
3,18,1,4845.1593,4847.6702
3,18,2,4848.1141,4853.6475
3,18,3,4854.2071,4866.6103
3,18,4,4867.0209,4873.6563
3,18,5,4874.0336,4881.746
3,18,6,4882.3156,4888.9381
3,18,7,4889.3154,4895.4572
3,18,8,4895.8345,4900.3491
3,18,9,4900.7597,4910.3944
3,18,10,4911.5041,4917.4015
3,18,11,4917.6567,4923.8536
3,18,12,4924.1199,4928.0223
3,18,13,4928.1444,4932.1793
3,18,14,4932.4231,4937.2945
3,18,15,4937.6788,4942.8453
3,18,16,4943.3158,4947.0222
3,18,17,4947.4106,4957.6976
3,18,18,4958.0865,4964.3686
3,18,19,4965.2008,4970.0055
3,18,20,4970.3495,4975.4271
3,18,21,4975.649,4982.2287
3,18,22,4982.5394,4986.5673
3,18,23,4986.5673,4995.4865
3,18,24,4995.7084,5003.0263
3,18,25,5003.8031,5009.9946
3,18,26,5010.2942,5020.2515
3,18,27,5020.5844,5028.1527
3,18,28,5028.2526,5036.0896
3,18,29,5036.3837,5043.9775
3,18,30,5045.298,5055.6774
3,19,1,5062.522,5065.4492
3,19,2,5065.6711,5073.1226
3,19,3,5073.1226,5120.0
27,1,1,0.4459,10.7268
27,1,2,11.2148,18.0437
27,1,3,18.5421,31.8289
27,1,4,32.2234,38.3879
27,1,5,38.8863,46.2447
27,1,6,46.8573,53.6235
27,2,1,58.315,63.041
27,2,2,63.332,71.778
27,2,3,72.216,78.8
27,2,4,79.152,84.705
27,2,5,85.028,91.159
27,2,6,91.712,96.57
27,2,7,97.192,107.536
27,2,8,108.078,116.324
27,2,9,116.88,122.43
27,2,10,122.718,128.29
27,2,11,128.884,133.926
27,2,12,134.139,144.811
27,3,1,148.561,153.301
27,3,2,154.036,159.23
27,3,3,159.432,166.139
27,3,4,166.462,172.472
27,3,5,173.1,179.565
27,3,6,180.032,186.889
27,3,7,187.356,193.256
27,3,8,193.798,205.444
27,3,9,205.692,211.379
27,4,1,215.441,218.513
27,4,2,219.291,228.142
27,4,3,228.568,237.005
27,4,4,238.428,245.118
27,4,5,245.452,254.015
27,4,6,254.015,259.351
27,4,7,259.656,267.856
27,4,8,268.323,275.076
27,4,9,275.514,284.365
27,5,1,289.188,293.014
27,5,2,293.625,298.88
27,5,3,299.404,306.285
27,5,4,306.896,314.053
27,5,5,314.468,320.818
27,5,6,321.625,329.548
27,5,7,330.107,337.806
27,5,8,338.348,348.225
27,5,9,348.496,357.601
27,5,10,358.2,368.239
27,5,11,368.775,379.309
27,5,12,379.828,391.698
27,5,13,392.205,400.601
27,6,1,404.749,409.56
27,6,2,409.915,416.958
27,6,3,417.171,425.769
27,6,4,426.407,432.299
27,6,5,432.774,439.604
27,6,6,439.91,445.518
27,6,7,445.911,455.492
27,6,8,455.918,462.208
27,6,9,462.776,470.097
27,6,10,470.823,476.922
27,6,11,477.544,485.905
27,7,1,491.496,499.724
27,7,2,500.171,508.383
27,7,3,508.847,514.439
27,7,4,515.127,521.995
27,7,5,522.366,528.383
27,7,6,529.37,540.044
27,7,7,540.633,551.006
27,7,8,551.612,558.158
27,7,9,559.053,567.684
27,7,10,568.322,578.455
27,7,11,579.061,584.025
27,7,12,584.587,589.977
27,7,13,590.621,597.544
27,7,14,598.09,604.631
27,7,15,605.297,612.225
27,7,16,613.016,619.367
27,7,17,620.016,626.279
27,7,18,626.705,634.01
27,8,1,638.911,642.64
27,8,2,643.147,653.001
27,8,3,653.59,663.308
27,8,4,664.558,672.109
27,8,5,672.758,678.639
27,8,6,679.081,686.572
27,8,7,687.2,693.452
27,8,8,694.074,699.098
27,8,9,699.602,706.312
27,8,10,706.694,712.537
27,9,1,718.264,722.501
27,9,2,722.816,728.931
27,9,3,729.292,735.604
27,9,4,736.074,742.256
27,9,5,742.751,750.415
27,9,6,750.864,758.563
27,9,7,759.925,769.458
27,9,8,770.139,775.842
27,9,9,776.379,782.52
27,9,10,782.881,789.513
27,9,11,789.719,797.579
27,9,12,797.837,804.628
27,9,13,805.036,811.842
27,9,14,812.213,821.12
27,9,15,821.682,831.038
27,9,16,832.622,840.337
27,9,17,840.812,850.487
27,9,18,850.848,857.784
27,9,19,858.346,867.284
27,9,20,867.717,875.014
27,9,21,875.855,884.266
27,10,1,888.863,895.639
27,10,2,895.639,903.762
27,10,3,903.762,912.509
27,10,4,912.886,921.049
27,10,5,921.405,931.705
27,10,6,931.937,938.664
27,10,7,939.897,948.365
27,10,8,948.69,958.706
27,10,9,959.165,971.054
27,10,10,971.405,978.0
27,10,11,978.186,986.303
27,10,12,987.825,995.499
27,10,13,995.912,1002.275
27,10,14,1002.456,1016.738
27,10,15,1017.032,1023.865
27,10,16,1024.2,1030.429
27,10,17,1030.811,1038.051
27,10,18,1038.474,1046.493
27,11,1,1050.373,1061.015
27,11,2,1061.366,1072.146
27,11,3,1072.538,1077.753
27,11,4,1078.184,1089.604
27,11,5,1090.027,1097.727
27,11,6,1098.129,1106.84
27,11,7,1106.84,1114.235
27,12,1,1117.882,1122.134
27,12,2,1122.134,1129.741
27,12,3,1129.942,1138.235
27,12,4,1138.479,1145.794
27,12,5,1146.358,1154.733
27,12,6,1155.188,1166.557
27,12,7,1167.021,1177.138
27,12,8,1177.436,1184.429
27,12,9,1184.816,1191.979
27,13,1,1197.502,1199.845
27,13,2,1200.01,1207.828
27,13,3,1207.828,1217.983
27,13,4,1218.38,1226.916
27,13,5,1227.133,1234.275
27,13,6,1234.548,1245.462
27,14,1,1249.203,1261.846
27,14,2,1262.073,1271.826
27,14,3,1272.032,1280.191
27,14,4,1280.418,1289.851
27,14,5,1290.026,1295.745
27,14,6,1295.941,1301.345
27,14,7,1301.758,1313.915
27,15,1,1318.476,1327.527
27,15,2,1327.527,1333.916
27,15,3,1334.112,1343.143
27,15,4,1343.143,1353.025
27,15,5,1353.448,1365.11
27,16,1,1369.248,1375.494
27,16,2,1375.659,1382.275
27,16,3,1382.683,1389.515
27,16,4,1389.742,1402.302
27,16,5,1402.606,1408.585
27,16,6,1409.06,1415.975
27,16,7,1415.975,1423.762
27,16,8,1423.917,1430.92
27,16,9,1431.152,1439.084
27,16,10,1439.373,1446.943
27,16,11,1447.216,1457.088
27,17,1,1461.372,1474.148
27,17,2,1474.945,1481.131
27,17,3,1481.639,1491.874
27,17,4,1492.463,1499.447
27,17,5,1500.129,1507.134
27,17,6,1507.483,1515.738
27,17,7,1516.251,1523.332
27,17,8,1523.779,1530.424
27,17,9,1530.97,1538.155
27,17,10,1538.155,1544.68
27,17,11,1545.089,1551.991
27,17,12,1552.771,1560.071
27,17,13,1560.426,1569.652
27,17,14,1569.821,1586.311
27,17,15,1586.573,1593.704
27,18,1,1598.827,1611.246
27,18,2,1611.246,1616.588
27,18,3,1616.588,1628.952
27,18,4,1629.282,1635.3
27,18,5,1635.553,1642.422
27,18,6,1642.572,1648.378
27,18,7,1648.853,1661.485
27,18,8,1662.914,1673.059
27,18,9,1674.313,1682.771
27,18,10,1682.936,1689.604
27,18,11,1689.908,1696.829
27,18,12,1697.613,1706.365
27,18,13,1706.773,1714.013
27,18,14,1714.565,1724.241
27,18,15,1724.597,1731.244
27,18,16,1731.672,1743.798
27,18,17,1744.376,1750.734
27,18,18,1751.089,1757.941
27,18,19,1758.689,1764.739
27,18,20,1765.154,1771.481
27,18,21,1772.43,1778.85
27,18,22,1779.237,1785.234
27,18,23,1785.657,1792.35
27,18,24,1792.84,1798.739
27,18,25,1799.348,1806.469
27,18,26,1806.691,1812.982
27,18,27,1813.168,1819.165
27,18,28,1819.562,1826.214
27,18,29,1826.627,1833.888
27,18,30,1834.275,1840.004
27,18,31,1840.205,1849.762
27,18,32,1850.082,1857.529
27,18,33,1858.138,1864.099
27,18,34,1864.233,1870.741
27,18,35,1871.267,1879.189
27,18,36,1879.297,1889.391
27,18,37,1891.14,1896.863
27,18,38,1897.265,1903.551
27,18,39,1903.922,1909.636
27,18,40,1910.064,1917.186
27,18,41,1917.614,1923.89
27,18,42,1924.494,1930.516
27,18,43,1930.929,1938.226
27,18,44,1938.577,1947.726
27,18,45,1947.907,1954.951
27,18,46,1955.854,1962.64
27,18,47,1963.063,1969.137
27,18,48,1969.281,1975.418
27,18,49,1975.501,1985.295
27,18,50,1985.501,1992.298
27,18,51,1992.396,2001.654
27,19,1,2006.27,2009.139
27,19,2,2009.722,2016.837
27,19,3,2017.633,2024.681
27,19,4,2025.55,2030.708
27,19,5,2031.281,2041.258
27,19,6,2041.633,2049.201
27,19,7,2049.524,2058.752
27,19,8,2061.078,2069.895
27,19,9,2070.28,2079.597
27,19,10,2079.769,2088.721
27,19,11,2089.002,2098.194
27,19,12,2098.501,2104.112
27,19,13,2104.445,2109.723
27,19,14,2110.014,2120.304
27,19,15,2120.445,2129.272
27,20,1,2133.108,2135.893
27,20,2,2136.46,2143.164
27,20,3,2143.586,2149.748
27,20,4,2150.175,2157.285
27,20,5,2157.519,2163.713
27,20,6,2164.27,2173.836
27,20,7,2174.226,2186.156
27,20,8,2186.833,2195.707
27,20,9,2195.962,2202.276
27,20,10,2202.729,2209.198
27,21,1,2212.56,2215.381
27,21,2,2215.381,2223.178
27,21,3,2223.415,2230.795
27,21,4,2231.068,2237.85
27,21,5,2238.201,2244.75
27,21,6,2244.982,2251.191
27,21,7,2251.439,2258.627
27,21,8,2258.627,2265.614
27,21,9,2266.001,2272.968
27,21,10,2273.192,2283.832
27,21,11,2284.35,2290.493
27,21,12,2291.121,2296.887
27,21,13,2297.302,2303.581
27,21,14,2303.99,2311.306
27,22,1,2315.504,2320.26
27,22,2,2321.116,2329.523
27,22,3,2329.858,2338.125
27,22,4,2338.254,2343.219
27,22,5,2343.343,2349.649
27,22,6,2349.809,2356.327
27,22,7,2356.693,2363.098
27,22,8,2363.284,2369.755
27,22,9,2370.07,2376.412
27,22,10,2376.778,2382.765
27,22,11,2383.059,2390.222
27,22,12,2390.449,2396.982
27,22,13,2397.415,2403.484
27,22,14,2404.34,2409.434
27,22,15,2409.867,2420.833
27,22,16,2421.586,2431.628
27,22,17,2432.046,2441.205
27,22,18,2441.597,2448.048
27,22,19,2448.182,2454.886
27,22,20,2455.025,2462.209
27,22,21,2462.859,2468.954
27,22,22,2469.222,2475.229
27,22,23,2475.461,2481.561
27,22,24,2481.979,2493.827
27,22,25,2494.131,2505.855
27,22,26,2506.319,2513.745
27,22,27,2513.987,2522.694
27,22,28,2523.36,2534.108
27,22,29,2534.345,2539.114
27,22,30,2539.398,2551.71
27,22,31,2552.247,2557.413
27,22,32,2557.774,2564.241
27,23,1,2568.384,2573.913
27,23,2,2574.524,2580.05
27,23,3,2580.459,2587.257
27,23,4,2587.775,2601.346
27,23,5,2602.934,2612.029
27,23,6,2612.455,2622.712
27,24,1,2626.287,2633.848
27,24,2,2634.39,2640.046
27,24,3,2640.454,2646.461
27,24,4,2646.693,2655.935
27,24,5,2656.157,2663.082
27,24,6,2663.345,2669.615
27,24,7,2669.925,2677.98
27,24,8,2678.094,2686.386
27,24,9,2686.938,2694.865
27,24,10,2695.046,2703.602
27,25,1,2706.712,2711.533
27,25,2,2712.132,2720.205
27,25,3,2720.764,2726.721
27,25,4,2727.349,2732.949
27,25,5,2733.568,2744.507
27,25,6,2744.961,2751.117
27,25,7,2751.485,2761.812
27,25,8,2762.457,2768.318
27,25,9,2769.038,2774.909
27,25,10,2775.606,2782.88
27,25,11,2783.563,2789.576
27,25,12,2790.312,2796.582
27,25,13,2798.239,2803.171
27,25,14,2804.143,2809.028
27,25,15,2809.958,2815.824
27,25,16,2816.38,2822.042
27,25,17,2822.79,2828.454
27,25,18,2829.255,2834.798
27,25,19,2835.591,2841.5
27,25,20,2842.944,2848.867
27,25,21,2849.727,2854.466
27,25,22,2854.983,2859.846
27,26,1,2863.3,2872.509
27,26,2,2873.551,2879.725
27,26,3,2880.405,2886.909
27,26,4,2887.209,2893.074
27,26,5,2893.696,2899.075
27,26,6,2899.539,2906.877
27,26,7,2907.925,2913.866
27,26,8,2914.286,2921.575
27,26,9,2922.252,2929.672
27,26,10,2930.409,2936.23
27,26,11,2936.918,2942.864
27,26,12,2943.251,2949.704
27,27,1,2953.175,2963.166
27,27,2,2963.36,2974.109
27,27,3,2975.879,2986.47
27,27,4,2988.354,3002.977
27,27,5,3003.525,3014.403
27,27,6,3014.799,3028.034
27,27,7,3028.331,3034.493
27,27,8,3034.608,3041.92
27,27,9,3042.451,3057.722
27,27,10,3058.008,3064.218
27,27,11,3065.353,3073.415
27,27,12,3073.826,3083.33
27,27,13,3083.606,3090.57
27,27,14,3091.002,3099.538
27,28,1,3104.336,3117.74
27,28,2,3118.245,3127.162
27,28,3,3127.678,3137.946
27,28,4,3138.587,3149.982
27,28,5,3150.331,3159.714
27,28,6,3160.258,3164.77
27,28,7,3165.141,3177.968
27,28,8,3178.404,3183.769
27,28,9,3184.272,3193.916
27,29,1,3197.916,3205.236
27,29,2,3205.799,3212.188
27,29,3,3213.075,3222.038
27,29,4,3222.849,3227.903
27,29,5,3228.477,3236.064
27,29,6,3236.432,3243.926
27,29,7,3244.552,3248.613
27,29,8,3249.203,3256.065
27,29,9,3256.502,3266.171
27,29,10,3266.874,3273.354
27,29,11,3273.794,3281.541
27,30,1,3285.212,3288.956
27,30,2,3289.824,3296.321
27,30,3,3296.785,3302.684
27,30,4,3303.047,3310.244
27,30,5,3311.304,3316.956
27,30,6,3317.57,3326.364
27,30,7,3327.098,3332.692
27,30,8,3333.133,3343.094
27,30,9,3343.731,3349.451
27,30,10,3350.078,3359.002
27,30,11,3359.358,3364.931
27,30,12,3366.795,3374.924
27,30,13,3375.483,3384.57
27,31,1,3388.641,3391.346
27,31,2,3391.957,3400.267
27,31,3,3400.682,3411.611
27,31,4,3412.103,3419.882
27,31,5,3420.602,3427.628
27,31,6,3429.201,3435.529
27,31,7,3437.133,3444.755
27,31,8,3445.643,3455.329
27,31,9,3456.186,3462.898
27,31,10,3463.324,3471.819
27,31,11,3472.555,3483.535
27,31,12,3484.299,3498.359
27,31,13,3499.38,3504.884
27,31,14,3505.746,3517.09
27,31,15,3518.029,3524.936
27,31,16,3525.482,3531.87
27,31,17,3533.655,3540.016
27,31,18,3540.442,3549.559
27,31,19,3550.518,3559.085
27,31,20,3559.505,3569.927
27,31,21,3570.571,3580.037
27,31,22,3580.615,3586.857
27,31,23,3588.363,3599.947
27,31,24,3600.58,3611.143
27,31,25,3611.732,3618.044
27,32,1,3621.323,3627.895
27,32,2,3628.318,3635.998
27,32,3,3636.725,3642.964
27,32,4,3643.745,3653.095
27,32,5,3653.66,3668.472
27,32,6,3669.349,3681.718
27,32,7,3682.202,3691.186
27,32,8,3691.841,3699.515
27,32,9,3701.095,3711.047
27,32,10,3711.829,3719.592
27,32,11,3720.268,3727.497
27,33,1,3733.007,3739.483
27,33,2,3740.426,3745.91
27,33,3,3746.875,3752.203
27,33,4,3752.93,3758.347
27,33,5,3758.816,3765.457
27,33,6,3766.215,3772.646
27,33,7,3773.572,3779.436
27,33,8,3780.102,3787.868
27,33,9,3788.547,3794.064
27,33,10,3794.609,3800.881
27,33,11,3801.72,3808.427
27,33,12,3809.153,3816.496
27,33,13,3817.289,3823.16
27,33,14,3823.782,3829.377
27,33,15,3830.137,3836.62
27,33,16,3837.276,3845.266
27,33,17,3845.816,3851.707
27,33,18,3853.328,3859.111
27,33,19,3861.614,3866.869
27,33,20,3867.478,3873.761
27,33,21,3874.133,3879.609
27,33,22,3880.845,3886.66
27,34,1,3889.845,3898.182
27,34,2,3899.077,3904.947
27,34,3,3905.339,3911.594
27,34,4,3912.404,3918.2
27,34,5,3918.845,3925.796
27,34,6,3926.26,3932.309
27,34,7,3932.737,3939.859
27,34,8,3940.643,3946.805
27,34,9,3948.208,3955.149
27,34,10,3956.057,3963.241
27,34,11,3963.447,3971.431
27,34,12,3971.885,3978.078
27,34,13,3978.584,3985.117
27,34,14,3985.669,3991.903
27,34,15,3992.321,3999.009
27,34,16,3999.499,4006.42
27,34,17,4007.153,4013.686
27,34,18,4014.744,4020.89
27,34,19,4021.437,4028.177
27,34,20,4028.693,4035.391
27,34,21,4035.809,4042.435
27,34,22,4042.874,4049.041
27,34,23,4049.505,4057.597
27,35,1,4060.337,4067.489
27,35,2,4067.974,4073.295
27,35,3,4073.633,4081.965
27,35,4,4082.363,4092.075
27,35,5,4092.501,4098.158
27,35,6,4098.649,4105.616
27,35,7,4105.965,4113.522
27,35,8,4115.077,4125.068
27,35,9,4125.472,4130.392
27,35,10,4131.009,4144.191
27,35,11,4144.966,4150.912
27,35,12,4151.299,4157.617
27,35,13,4158.037,4168.53
27,35,14,4169.316,4177.711
27,35,15,4179.121,4189.379
27,35,16,4189.974,4195.636
27,35,17,4196.034,4205.315
27,35,18,4206.003,4212.058
27,35,19,4212.511,4219.805
27,35,20,4220.138,4228.224
27,35,21,4228.999,4236.408
27,35,22,4236.845,4244.15
27,35,23,4244.521,4250.582
27,35,24,4251.27,4258.253
27,35,25,4259.372,4266.311
27,35,26,4266.988,4277.982
27,35,27,4278.429,4288.698
27,35,28,4289.124,4295.638
27,36,1,4298.77,4301.71
27,36,2,4302.54,4310.194
27,36,3,4311.105,4316.67
27,36,4,4318.433,4324.963
27,36,5,4325.776,4334.293
27,36,6,4335.586,4341.844
27,36,7,4342.87,4353.1
27,36,8,4353.897,4363.303
27,36,9,4363.936,4370.565
27,36,10,4371.318,4377.068
27,36,11,4377.761,4384.723
27,36,12,4385.416,4392.416
27,36,13,4393.087,4399.95
27,37,1,4403.189,4409.913
27,37,2,4410.08,4416.846
27,37,3,4417.273,4424.049
27,37,4,4424.393,4430.914
27,37,5,4431.45,4438.367
27,37,6,4438.763,4445.331
27,37,7,4446.153,4455.626
27,37,8,4456.12,4463.782
27,37,9,4464.204,4472.162
27,37,10,4472.776,4480.828
27,37,11,4481.603,4488.745
27,37,12,4489.599,4496.115
27,37,13,4497.208,4502.673
27,37,14,4503.051,4514.147
27,37,15,4514.662,4520.948
27,37,16,4521.787,4527.245
27,37,17,4528.09,4534.677
27,37,18,4535.697,4542.882
27,37,19,4543.639,4550.385
27,37,20,4551.016,4556.978
27,37,21,4557.51,4568.128
27,37,22,4569.658,4576.695
27,37,23,4577.402,4584.325
27,37,24,4584.983,4590.479
27,37,25,4591.154,4601.229
27,37,26,4602.408,4607.416
27,37,27,4607.959,4613.346
27,37,28,4614.064,4626.531
27,37,29,4627.65,4633.766
27,37,30,4634.495,4640.557
27,37,31,4641.577,4647.15
27,37,32,4648.219,4653.579
27,37,33,4654.012,4660.452
27,37,34,4661.181,4671.553
27,37,35,4672.189,4678.102
27,37,36,4678.431,4685.035
27,37,37,4686.203,4691.568
27,37,38,4691.864,4698.89
27,37,39,4699.175,4705.181
27,37,40,4705.691,4715.284
27,38,1,4718.99,4721.252
27,38,2,4721.663,4729.345
27,38,3,4729.647,4736.928
27,38,4,4737.35,4746.172
27,38,5,4746.725,4753.648
27,38,6,4754.279,4760.329
27,38,7,4761.163,4767.734
27,38,8,4768.189,4774.239
27,38,9,4775.451,4781.989
27,38,10,4782.938,4790.617
27,38,11,4792.207,4799.925
27,38,12,4801.828,4809.013
27,38,13,4809.6,4820.295
27,38,14,4820.915,4826.981
27,38,15,4827.88,4834.325
27,38,16,4835.323,4842.519
27,38,17,4843.056,4849.299
27,38,18,4850.012,4855.409
27,38,19,4856.467,4860.927
27,38,20,4861.388,4868.677
27,38,21,4869.434,4876.8
27,38,22,4877.716,4883.788
27,38,23,4884.183,4888.835
27,39,1,4892.158,4897.046
27,39,2,4898.34,4907.949
27,39,3,4908.388,4916.121
27,39,4,4917.229,4924.644
27,39,5,4925.351,4934.182
27,39,6,4934.851,4946.939
27,39,7,4947.833,4959.054
27,39,8,4960.365,4966.546
27,39,9,4966.941,4973.227
27,39,10,4973.973,4979.31
27,39,11,4979.963,4986.961
27,39,12,4988.518,4999.054
27,39,13,4999.712,5014.405
27,39,14,5015.096,5022.21
27,40,1,5024.587,5027.204
27,40,2,5027.615,5034.324
27,40,3,5034.605,5044.234
27,40,4,5044.234,5053.983
27,40,5,5054.202,5063.841
27,40,6,5064.179,5081.055
27,40,7,5081.492,5091.09
27,40,8,5091.407,5098.804
27,40,9,5099.71,5106.684
27,40,10,5107.845,5117.786
27,40,11,5118.244,5132.979
27,40,12,5133.25,5142.889
27,40,13,5143.425,5158.43
27,40,14,5158.805,5165.54
27,40,15,5165.722,5178.39
27,40,16,5179.165,5185.463
27,40,17,5185.588,5196.632
27,40,18,5198.714,5211.091
27,41,1,5213.858,5216.396
27,41,2,5216.932,5223.808
27,41,3,5224.245,5234.962
27,41,4,5235.118,5243.566
27,41,5,5243.759,5251.348
27,41,6,5251.645,5257.188
27,41,7,5257.355,5268.826
27,41,8,5269.317,5277.012
27,41,9,5277.402,5284.673
27,41,10,5285.053,5293.068
27,41,11,5293.526,5299.819
27,41,12,5300.084,5306.356
27,41,13,5306.523,5314.111
27,41,14,5314.46,5322.673
27,42,1,5329.517,5332.757
27,42,2,5334.112,5341.765
27,42,3,5342.376,5350.194
27,42,4,5351.013,5360.299
27,42,5,5361.139,5375.692
27,42,6,5376.227,5386.681
27,42,7,5388.345,5399.291
27,42,8,5399.897,5408.888
27,42,9,5409.281,5419.047
27,42,10,5419.778,5429.206
27,42,11,5429.992,5440.408
27,42,12,5440.876,5452.379
27,43,1,5456.63,5465.846
27,43,2,5466.463,5476.562
27,43,3,5477.113,5488.015
27,43,4,5488.697,5499.146
27,43,5,5499.626,5510.413
27,44,1,5514.795,5517.816
27,44,2,5518.265,5528.508
27,44,3,5528.683,5536.811
27,44,4,5537.265,5549.675
27,44,5,5550.016,5555.672
27,44,6,5556.265,5562.035
27,44,7,5562.422,5567.439
27,44,8,5567.903,5573.962
27,44,9,5574.72,5581.403
27,44,10,5581.945,5588.411
27,44,11,5588.829,5596.049
27,44,12,5596.395,5602.392
27,44,13,5602.81,5609.189
27,44,14,5609.803,5616.821
27,44,15,5617.414,5623.581
27,44,16,5624.025,5631.048
27,44,17,5631.724,5638.345
27,44,18,5639.042,5647.03
27,44,19,5647.598,5654.864
27,44,20,5655.591,5662.367
27,44,21,5663.332,5670.237
27,44,22,5670.737,5676.879
27,44,23,5677.4,5683.474
27,44,24,5683.722,5691.179
27,44,25,5691.458,5697.955
27,44,26,5698.378,5704.519
27,44,27,5705.35,5712.002
27,45,1,5715.577,5721.239
27,45,2,5721.662,5730.141
27,45,3,5730.337,5740.167
27,45,4,5740.637,5746.133
27,45,5,5746.448,5756.49
27,45,6,5758.089,5765.613
27,45,7,5766.898,5773.519
27,45,8,5773.715,5783.767
27,45,9,5783.999,5792.684
27,45,10,5793.236,5802.432
27,45,11,5802.943,5810.513
27,45,12,5810.725,5818.114
27,45,13,5818.233,5824.028
27,45,14,5824.178,5830.917
27,45,15,5831.149,5840.185
27,45,16,5840.489,5846.161
27,45,17,5846.414,5854.18
27,45,18,5854.572,5863.814
27,46,1,5866.694,5870.398
27,46,2,5871.275,5877.736
27,46,3,5878.304,5884.744
27,46,4,5885.136,5891.525
27,46,5,5892.082,5898.377
27,46,6,5899.021,5906.261
27,46,7,5906.916,5913.222
27,46,8,5913.659,5920.413
27,46,9,5920.877,5927.358
27,46,10,5927.751,5938.189
27,46,11,5938.62,5945.221
27,46,12,5945.625,5952.614
27,47,1,5955.501,5958.201
27,47,2,5958.981,5964.306
27,47,3,5964.89,5970.029
27,47,4,5970.395,5975.299
27,47,5,5975.506,5982.091
27,47,6,5982.484,5987.022
27,47,7,5987.459,5992.93
27,47,8,5993.039,5997.96
27,47,9,5998.14,6003.803
27,47,10,6004.25,6013.853
27,48,1,6016.954,6019.231
27,48,2,6020.028,6025.8
27,48,3,6026.444,6034.475
27,48,4,6035.113,6039.073
27,48,5,6039.69,6044.294
27,48,6,6044.698,6050.415
27,48,7,6050.737,6055.275
27,48,8,6055.848,6060.119
27,48,9,6060.468,6071.905
27,48,10,6072.331,6077.071
27,48,11,6077.759,6086.248
27,48,12,6086.925,6093.51
27,48,13,6094.018,6100.401
27,48,14,6100.778,6109.594
27,48,15,6109.84,6117.09
27,49,1,6119.685,6122.648
27,49,2,6123.374,6128.665
27,49,3,6129.5,6134.382
27,49,4,6134.993,6139.974
27,49,5,6140.798,6145.844
27,49,6,6146.728,6152.271
27,49,7,6152.271,6158.452
27,49,8,6159.041,6164.884
27,49,9,6165.626,6170.077
27,49,10,6170.655,6175.128
27,49,11,6175.968,6184.944
27,49,12,6185.615,6195.48
27,49,13,6196.509,6201.908
27,49,14,6202.219,6209.153
27,49,15,6209.36,6223.034
27,49,16,6223.454,6229.93
27,49,17,6230.44,6235.343
27,49,18,6235.864,6240.972
27,49,19,6241.492,6247.389
27,49,20,6247.918,6253.39
27,49,21,6254.225,6260.313
27,50,1,6263.271,6273.894
27,50,2,6273.998,6278.029
27,50,3,6278.455,6287.13
27,50,4,6287.534,6293.551
27,50,5,6294.042,6298.99
27,50,6,6299.432,6305.968
27,50,7,6306.448,6314.146
27,50,8,6314.561,6320.403
27,50,9,6320.85,6326.546
27,50,10,6326.813,6332.258
27,50,11,6332.656,6337.833
27,50,12,6338.144,6343.55
27,50,13,6343.916,6348.803
27,50,14,6349.431,6354.515
27,50,15,6354.668,6360.276
27,50,16,6360.887,6368.487
27,50,17,6369.24,6374.592
27,50,18,6375.743,6382.372
27,50,19,6382.716,6387.647
27,50,20,6387.854,6393.91
27,50,21,6394.494,6405.45
27,50,22,6406.743,6412.684
27,50,23,6413.235,6421.66
27,51,1,6425.502,6427.595
27,51,2,6427.801,6432.173
27,51,3,6432.782,6438.923
27,51,4,6439.245,6444.635
27,51,5,6445.23,6450.107
27,51,6,6450.402,6460.927
27,51,7,6461.309,6466.704
27,51,8,6467.086,6472.967
27,51,9,6473.595,6480.447
27,51,10,6481.582,6487.267
27,51,11,6488.528,6493.415
27,51,12,6494.212,6500.316
27,51,13,6500.922,6508.189
27,51,14,6508.538,6514.414
27,51,15,6514.818,6520.644
27,51,16,6521.07,6528.604
27,51,17,6529.117,6534.883
27,51,18,6536.351,6541.25
27,51,19,6541.561,6549.51
27,51,20,6549.957,6555.98
27,51,21,6556.209,6564.764
27,52,1,6567.27,6569.489
27,52,2,6569.68,6576.848
27,52,3,6577.493,6583.866
27,52,4,6584.047,6589.77
27,52,5,6589.982,6595.772
27,52,6,6595.994,6600.861
27,52,7,6601.011,6611.764
27,52,8,6612.357,6617.88
27,52,9,6618.024,6627.844
27,52,10,6628.458,6635.91
27,52,11,6636.235,6644.058
27,53,1,6646.834,6650.215
27,53,2,6650.432,6658.735
27,53,3,6659.148,6668.127
27,53,4,6668.127,6675.053
27,53,5,6675.419,6683.918
27,53,6,6684.336,6696.222
27,53,7,6696.669,6707.718
27,54,1,6711.387,6714.592
27,54,2,6714.919,6720.151
27,54,3,6720.871,6726.163
27,54,4,6726.791,6731.815
27,54,5,6732.317,6741.15
27,54,6,6741.472,6746.693
27,54,7,6747.25,6752.896
27,54,8,6753.655,6760.234
27,54,9,6760.922,6766.704
27,55,1,6769.528,6772.476
27,55,2,6773.595,6779.356
27,55,3,6779.694,6785.133
27,55,4,6785.973,6794.447
27,55,5,6794.911,6800.252
27,55,6,6800.749,6806.853
27,55,7,6807.197,6813.634
27,55,8,6813.678,6818.194
27,55,9,6818.74,6824.004
27,55,10,6824.501,6831.009
27,55,11,6831.795,6839.269
27,55,12,6839.656,6846.05
27,55,13,6846.416,6856.673
27,55,14,6856.804,6862.647
27,55,15,6862.92,6868.85
27,55,16,6870.056,6878.136
27,55,17,6878.349,6883.4
27,55,18,6883.596,6890.585
27,55,19,6892.195,6898.436
27,55,20,6899.048,6908.658
27,55,21,6909.728,6914.583
27,55,22,6914.79,6924.126
27,55,23,6924.459,6933.303
27,55,24,6933.745,6944.821
27,56,1,6951.151,6959.095
27,56,2,6959.75,6966.237
27,56,3,6966.745,6972.642
27,56,4,6972.86,6976.717
27,56,5,6977.225,6985.054
27,56,6,6985.256,6991.557
27,56,7,6991.874,6999.565
27,56,8,7000.089,7006.541
27,56,9,7006.781,7016.58
27,56,10,7016.902,7024.431
27,56,11,7024.868,7029.684
27,56,12,7029.804,7034.888
27,56,13,7035.095,7040.103
27,56,14,7040.42,7050.901
27,57,1,7053.847,7061.072
27,57,2,7061.201,7072.409
27,57,3,7072.698,7077.555
27,57,4,7077.71,7087.2
27,57,5,7087.618,7099.801
27,57,6,7100.379,7106.185
27,57,7,7107.428,7117.027
27,57,8,7117.228,7123.612
27,57,9,7123.689,7130.135
27,57,10,7130.135,7135.358
27,57,11,7135.647,7141.876
27,57,12,7142.02,7148.007
27,58,1,7151.379,7154.513
27,58,2,7155.037,7162.102
27,58,3,7162.358,7169.909
27,58,4,7170.324,7175.926
27,58,5,7176.472,7184.481
27,58,6,7184.825,7191.077
27,58,7,7191.71,7198.098
27,58,8,7198.42,7207.046
27,58,9,7207.341,7214.701
27,58,10,7215.121,7222.459
27,58,11,7223.048,7229.546
27,58,12,7229.781,7237.697
27,59,1,7240.72,7247.698
27,59,2,7248.102,7253.966
27,59,3,7254.173,7260.043
27,59,4,7260.681,7269.062
27,59,5,7269.711,7276.662
27,59,6,7277.399,7289.086
27,59,7,7289.599,7295.349
27,59,8,7295.666,7302.452
27,59,9,7302.806,7307.771
27,59,10,7308.164,7313.581
27,59,11,7314.121,7320.139
27,59,12,7320.466,7329.693
27,59,13,7331.156,7341.304
27,59,14,7341.702,7352.391
27,59,15,7352.948,7358.845
27,59,16,7359.156,7364.551
27,59,17,7365.162,7377.144
27,59,18,7377.493,7384.809
27,60,1,7388.438,7393.408
27,60,2,7393.795,7405.209
27,60,3,7405.828,7412.609
27,60,4,7413.037,7419.694
27,60,5,7420.133,7426.284
27,60,6,7426.501,7433.488
27,60,7,7433.694,7440.61
27,60,8,7440.703,7450.115
27,60,9,7450.425,7458.155
27,60,10,7458.449,7467.825
27,60,11,7467.877,7473.487
27,60,12,7473.626,7480.449
27,60,13,7480.619,7486.993
27,60,14,7487.168,7492.696
27,61,1,7495.743,7498.556
27,61,2,7499.229,7504.242
27,61,3,7504.521,7513.557
27,61,4,7513.928,7519.523
27,61,5,7519.729,7526.722
27,61,6,7526.913,7534.416
27,61,7,7534.633,7540.697
27,61,8,7540.831,7547.721
27,61,9,7547.891,7554.6
27,62,1,7557.568,7560.626
27,62,2,7560.992,7566.484
27,62,3,7566.577,7572.734
27,62,4,7572.925,7581.837
27,62,5,7582.157,7593.489
27,62,6,7593.68,7599.31
27,62,7,7599.558,7604.677
27,62,8,7604.878,7611.339
27,62,9,7611.483,7621.303
27,62,10,7621.494,7631.567
27,62,11,7631.846,7641.15
27,62,12,7641.491,7648.767
27,62,13,7648.922,7655.925
27,63,1,7659.392,7662.887
27,63,2,7663.491,7676.081
27,63,3,7676.458,7682.542
27,63,4,7682.934,7689.277
27,63,5,7689.793,7696.017
27,63,6,7696.332,7703.376
27,63,7,7703.737,7709.203
27,63,8,7709.507,7714.993
27,63,9,7715.344,7720.804
27,63,10,7720.979,7728.24
27,63,11,7728.544,7734.077
27,63,12,7734.418,7744.557
27,64,1,7748.31,7750.661
27,64,2,7751.383,7758.082
27,64,3,7758.495,7764.342
27,64,4,7764.559,7771.231
27,64,5,7771.556,7778.28
27,64,6,7778.512,7787.708
27,64,7,7788.492,7797.982
27,64,8,7798.23,7804.03
27,64,9,7804.324,7810.104
27,64,10,7810.29,7817.798
27,64,11,7818.18,7825.699
27,65,1,7829.548,7832.32
27,65,2,7832.826,7839.705
27,65,3,7840.19,7844.861
27,65,4,7845.351,7851.642
27,65,5,7851.879,7862.081
27,65,6,7862.416,7872.082
27,65,7,7873.46,7877.754
27,65,8,7877.996,7884.37
27,65,9,7884.659,7893.127
27,65,10,7893.478,7905.718
27,65,11,7906.095,7915.13
27,65,12,7915.584,7922.2
27,65,13,7922.623,7928.579
27,65,14,7928.739,7937.346
27,66,1,7941.159,7946.862
27,66,2,7947.249,7952.198
27,66,3,7952.704,7961.523
27,66,4,7961.771,7969.826
27,66,5,7970.409,7977.159
27,66,6,7977.257,7986.618
27,66,7,7986.855,7997.634
27,66,8,7997.634,8002.8
27,66,9,8002.965,8008.477
27,66,10,8008.869,8014.288
27,66,11,8014.592,8020.419
27,66,12,8020.419,8030.012
27,66,13,8030.482,8035.931
27,66,14,8036.143,8041.304
27,66,15,8041.397,8049.679
27,66,16,8049.947,8057.012
27,66,17,8057.616,8062.55
27,66,18,8063.071,8068.764
27,66,19,8068.97,8073.667
27,66,20,8073.94,8080.985
27,67,1,8084.323,8087.395
27,67,2,8087.895,8094.764
27,67,3,8095.006,8100.033
27,67,4,8100.162,8104.802
27,67,5,8104.946,8113.848
27,67,6,8114.054,8118.71
27,67,7,8118.762,8124.196
27,67,8,8124.469,8130.611
27,68,1,8134.713,8137.469
27,68,2,8138.222,8144.947
27,68,3,8145.318,8154.029
27,68,4,8154.855,8161.703
27,68,5,8162.08,8171.833
27,68,6,8172.075,8178.062
27,68,7,8178.124,8188.723
27,68,8,8189.285,8196.655
27,68,9,8196.655,8207.3
27,68,10,8207.604,8215.17
27,68,11,8215.696,8222.4
27,68,12,8222.586,8227.752
27,68,13,8228.098,8235.359
27,68,14,8236.014,8246.82
27,68,15,8248.44,8254.323
27,68,16,8254.555,8260.17
27,68,17,8260.536,8271.502
27,68,18,8271.935,8280.414
27,68,19,8280.966,8292.762
27,68,20,8293.376,8301.318
27,68,21,8301.72,8309.146
27,68,22,8309.44,8317.8
27,68,23,8318.073,8324.344
27,68,24,8324.85,8333.153
27,68,25,8333.411,8340.032
27,68,26,8340.032,8346.663
27,68,27,8347.39,8353.454
27,68,28,8353.645,8363.088
27,68,29,8363.619,8372.062
27,68,30,8373.785,8379.199
27,68,31,8379.313,8393.131
27,68,32,8393.797,8401.548
27,68,33,8401.852,8407.725
27,68,34,8407.998,8413.897
27,68,35,8414.212,8421.369
27,68,36,8421.74,8432.597
27,69,1,8436.152,8439.306
27,69,2,8439.729,8444.199
27,69,3,8444.421,8454.777
27,69,4,8455.21,8462.853
27,69,5,8462.884,8475.258
27,69,6,8475.5,8483.953
27,69,7,8484.128,8494.753
27,69,8,8495.073,8501.178
27,69,9,8501.369,8506.375
27,69,10,8506.664,8513.481
27,69,11,8513.625,8518.652
27,69,12,8518.993,8524.84
27,69,13,8525.263,8530.899
27,69,14,8531.307,8541.57
27,69,15,8541.818,8551.7
27,69,16,8551.891,8562.134
27,69,17,8562.438,8568.631
27,69,18,8568.719,8575.025
27,69,19,8576.047,8581.842
27,69,20,8582.265,8590.413
27,69,21,8590.568,8601.678
27,69,22,8601.859,8608.867
27,69,23,8609.367,8614.946
27,69,24,8615.333,8621.676
27,69,25,8622.053,8628.266
27,69,26,8628.426,8634.278
27,69,27,8634.562,8641.998
27,69,28,8642.39,8648.031
27,69,29,8648.237,8655.416
27,69,30,8655.648,8662.135
27,69,31,8662.445,8668.472
27,69,32,8669.684,8675.227
27,69,33,8676.388,8682.901
27,69,34,8682.994,8689.3
27,69,35,8689.352,8694.853
27,69,36,8695.261,8703.548
27,69,37,8703.687,8711.0
27,70,1,8714.085,8716.847
27,70,2,8717.188,8723.076
27,70,3,8723.458,8732.638
27,70,4,8732.989,8738.459
27,70,5,8738.629,8749.218
27,70,6,8749.404,8760.761
27,71,1,8765.095,8770.225
27,71,2,8770.452,8777.625
27,71,3,8777.976,8787.192
27,71,4,8787.481,8794.381
27,71,5,8795.0,8801.828
27,71,6,8802.101,8812.056
27,71,7,8812.304,8817.945
27,71,8,8817.945,8823.472
27,71,9,8823.596,8829.567
27,71,10,8829.696,8835.321
27,71,11,8835.321,8842.102
27,71,12,8842.117,8848.543
27,71,13,8848.894,8857.45
27,71,14,8858.601,8864.556
27,71,15,8864.773,8872.405
27,71,16,8872.58,8879.207
27,71,17,8879.207,8886.189
27,71,18,8886.189,8897.067
27,71,19,8897.346,8905.613
27,71,20,8905.99,8917.533
27,71,21,8918.111,8921.987
27,71,22,8922.131,8932.411
27,71,23,8932.824,8939.326
27,71,24,8939.476,8949.44
27,72,1,8952.603,8960.287
27,72,2,8960.488,8965.814
27,72,3,8966.108,8971.078
27,72,4,8971.078,8978.04
27,72,5,8978.613,8983.923
27,72,6,8984.243,8989.59
27,72,7,8989.817,8995.809
27,72,8,8996.309,9002.177
27,72,9,9002.45,9008.726
27,72,10,9008.891,9018.18
27,72,11,9018.572,9024.373
27,72,12,9024.615,9030.618
27,72,13,9031.505,9037.796
27,72,14,9038.916,9045.516
27,72,15,9045.686,9056.466
27,72,16,9057.715,9069.655
27,72,17,9069.655,9080.729
27,72,18,9081.126,9087.845
27,72,19,9087.979,9097.232
27,72,20,9097.232,9101.991
27,73,1,9110.014,9116.929
27,73,2,9117.806,9125.186
27,73,3,9125.186,9130.332
27,73,4,9130.378,9135.22
27,73,5,9135.504,9141.815
27,73,6,9142.13,9148.385
27,73,7,9148.751,9154.573
27,73,8,9154.836,9161.158
27,73,9,9162.438,9167.97
27,73,10,9168.094,9173.931
27,73,11,9173.931,9179.572
27,73,12,9179.572,9185.796
27,73,13,9186.405,9192.639
27,73,14,9192.851,9198.218
27,73,15,9199.214,9205.087
27,73,16,9205.598,9210.826
27,73,17,9210.826,9216.637
27,73,18,9216.637,9222.644
27,73,19,9222.644,9229.477
27,73,20,9229.678,9235.2
27,73,21,9235.463,9240.242
27,73,22,9240.242,9246.089
27,73,23,9246.528,9251.704
27,73,24,9252.994,9258.743
27,73,25,9258.903,9264.554
27,73,26,9264.951,9272.037
27,73,27,9272.388,9279.153
27,73,28,9279.318,9290.191
27,74,1,9293.706,9302.9
27,74,2,9303.5,9313.687
27,74,3,9314.085,9321.527
27,74,4,9322.242,9329.105
27,74,5,9329.383,9335.079
27,74,6,9335.696,9342.81
27,74,7,9343.334,9350.033
27,74,8,9350.377,9357.3
27,74,9,9357.813,9364.709
27,74,10,9366.21,9373.586
27,74,11,9374.568,9381.803
27,74,12,9383.462,9388.803
27,74,13,9390.522,9397.636
27,74,14,9397.849,9405.667
27,74,15,9406.316,9413.971
27,74,16,9414.189,9420.818
27,74,17,9421.102,9428.396
27,74,18,9429.078,9437.109
27,74,19,9437.808,9445.369
27,74,20,9445.576,9452.352
27,74,21,9453.056,9458.839
27,74,22,9459.172,9467.219
27,74,23,9467.819,9474.039
27,75,1,9478.192,9482.005
27,75,2,9482.464,9489.178
27,75,3,9489.441,9493.23
27,75,4,9493.23,9500.197
27,75,5,9500.197,9507.179
27,75,6,9507.179,9512.918
27,75,7,9512.918,9518.874
27,75,8,9518.874,9523.581
27,75,9,9523.581,9537.436
27,75,10,9538.048,9543.469
27,75,11,9543.469,9549.872
27,76,1,9552.897,9557.038
27,76,2,9557.585,9562.854
27,76,3,9562.854,9568.185
27,76,4,9568.598,9575.539
27,76,5,9575.792,9580.602
27,76,6,9581.01,9589.994
27,76,7,9590.221,9596.785
27,76,8,9596.991,9604.067
27,76,9,9604.067,9610.007
27,76,10,9610.182,9616.613
27,76,11,9617.01,9622.481
27,76,12,9622.723,9630.841
27,76,13,9630.996,9636.704
27,77,1,9640.079,9643.431
27,77,2,9643.849,9650.754
27,77,3,9650.754,9659.558
27,77,4,9659.558,9666.669
27,77,5,9666.973,9672.124
27,77,6,9672.124,9676.434
27,77,7,9676.8,9683.762
27,77,8,9684.128,9689.0
27,77,9,9689.139,9694.233
27,77,10,9694.419,9700.539
27,77,11,9700.539,9705.468
27,77,12,9705.705,9712.167
27,77,13,9712.368,9719.0
27,77,14,9719.361,9725.224
27,77,15,9725.224,9731.18
27,77,16,9731.278,9737.347
27,77,17,9737.718,9746.311
27,77,18,9746.59,9755.151
27,77,19,9756.224,9764.94
27,77,20,9765.234,9773.207
27,77,21,9773.351,9779.266
27,78,1,9782.867,9790.706
27,78,2,9790.985,9796.909
27,78,3,9797.425,9802.782
27,78,4,9802.906,9813.567
27,78,5,9814.212,9824.512
27,78,6,9825.064,9833.842
27,78,7,9834.152,9843.048
27,78,8,9844.369,9854.261
27,78,9,9854.684,9860.97
27,78,10,9861.274,9867.478
27,78,11,9867.803,9873.299
27,78,12,9873.567,9880.096
27,78,13,9880.524,9886.335
27,78,14,9886.774,9892.177
27,78,15,9892.177,9898.576
27,78,16,9898.865,9904.774
27,78,17,9905.084,9911.189
27,78,18,9911.493,9917.217
27,78,19,9917.444,9924.313
27,78,20,9924.421,9935.485
27,78,21,9935.944,9946.058
27,78,22,9946.177,9951.394
27,78,23,9952.797,9957.75
27,78,24,9957.956,9964.557
27,78,25,9964.758,9971.694
27,78,26,9971.998,9978.243
27,78,27,9978.604,9985.169
27,78,28,9985.334,9990.753
27,78,29,9991.052,9996.652
27,78,30,9996.945,10002.314
27,78,31,10002.363,10010.796
27,78,32,10011.002,10017.041
27,78,33,10017.216,10022.857
27,78,34,10022.857,10029.468
27,78,35,10029.468,10035.166
27,78,36,10035.517,10040.755
27,78,37,10040.817,10046.52
27,78,38,10046.804,10057.743
27,78,39,10059.126,10064.555
27,78,40,10064.932,10070.511
27,78,41,10070.63,10076.394
27,78,42,10076.616,10082.365
27,78,43,10082.602,10088.723
27,78,44,10088.883,10095.035
27,78,45,10095.355,10101.734
27,78,46,10101.811,10107.138
27,78,47,10107.215,10112.325
27,78,48,10112.573,10118.317
27,78,49,10118.668,10126.914
27,78,50,10127.182,10136.254
27,78,51,10136.775,10143.159
27,78,52,10143.819,10149.878
27,78,53,10150.265,10158.486
27,78,54,10158.749,10164.385
27,78,55,10164.633,10175.541
27,78,56,10176.81,10182.952
27,78,57,10183.504,10190.977
27,78,58,10191.168,10197.645
27,78,59,10198.047,10204.194
27,78,60,10204.282,10209.732
27,78,61,10210.191,10215.424
27,78,62,10215.739,10221.39
27,78,63,10221.663,10227.258
27,78,64,10227.366,10233.059
27,78,65,10233.441,10238.638
27,78,66,10238.793,10244.005
27,78,67,10244.413,10250.626
27,78,68,10250.822,10257.356
27,78,69,10257.681,10264.271
27,78,70,10264.679,10270.624
27,78,71,10271.042,10279.237
27,78,72,10279.443,10285.554
27,79,1,10288.335,10300.967
27,79,2,10301.421,10311.215
27,79,3,10311.777,10318.44
27,79,4,10319.095,10326.408
27,79,5,10326.64,10333.53
27,79,6,10334.913,10345.532
27,79,7,10345.826,10351.255
27,79,8,10351.374,10360.146
27,79,9,10360.502,10372.546
27,79,10,10372.737,10383.584
27,79,11,10384.126,10392.104
27,79,12,10392.104,10401.449
27,79,13,10401.82,10412.1
27,80,1,10414.773,10419.371
27,80,2,10420.439,10428.433
27,80,3,10428.913,10437.634
27,80,4,10437.799,10443.161
27,80,5,10443.765,10450.67
27,80,6,10451.041,10456.651
27,80,7,10456.935,10463.35
27,80,8,10463.52,10469.93
27,80,9,10470.456,10477.31
27,80,10,10477.656,10485.489
27,80,11,10486.459,10492.193
27,80,12,10492.384,10498.02
27,80,13,10498.262,10504.27
27,80,14,10504.672,10512.522
27,80,15,10512.713,10520.763
27,80,16,10520.949,10527.224
27,80,17,10527.621,10533.649
27,80,18,10533.886,10539.661
27,80,19,10540.182,10546.215
27,80,20,10546.37,10553.677
27,81,1,10557.315,10560.721
27,81,2,10561.299,10566.785
27,81,3,10566.904,10572.183
27,81,4,10572.348,10577.519
27,81,5,10577.736,10583.036
27,81,6,10583.18,10592.19
27,81,7,10592.525,10598.827
27,81,8,10599.049,10610.381
27,81,9,10611.139,10617.312
27,81,10,10617.41,10623.335
27,81,11,10623.541,10633.944
27,81,12,10634.315,10640.003
27,81,13,10640.452,10647.403
27,81,14,10648.982,10655.102
27,81,15,10655.262,10661.14
27,81,16,10661.568,10667.591
27,81,17,10667.591,10675.11
27,82,1,10679.047,10687.876
27,82,2,10688.603,10695.328
27,82,3,10696.04,10700.917
27,82,4,10701.423,10707.218
27,82,5,10708.214,10717.363
27,82,6,10717.92,10724.247
27,82,7,10724.67,10730.404
27,82,8,10730.961,10738.831
27,83,1,10742.607,10744.281
27,83,2,10745.853,10752.383
27,83,3,10753.207,10759.868
27,83,4,10760.545,10766.748
27,83,5,10767.659,10775.434
27,83,6,10776.536,10782.341
27,83,7,10783.378,10788.746
27,83,8,10789.314,10795.336
27,83,9,10796.007,10801.326
27,83,10,10802.046,10808.495
27,83,11,10808.872,10814.005
27,83,12,10814.005,10825.196
27,83,13,10825.895,10830.793
27,83,14,10831.568,10837.591
27,83,15,10837.902,10843.144
27,83,16,10843.821,10850.187
27,83,17,10850.553,10855.659
27,83,18,10856.287,10862.053
27,83,19,10862.528,10869.915
27,84,1,10872.874,10876.265
27,84,2,10877.011,10881.042
27,84,3,10881.159,10891.578
27,84,4,10892.365,10906.081
27,84,5,10906.516,10911.65
27,84,6,10911.75,10917.383
27,84,7,10917.785,10926.307
27,84,8,10926.893,10933.542
27,84,9,10933.793,10942.568
27,84,10,10942.836,10948.568
27,84,11,10948.97,10960.375
27,84,12,10962.033,10972.278
27,84,13,10972.529,10978.003
27,85,1,10982.503,10985.403
27,85,2,10985.703,10991.603
27,85,3,10992.303,10998.703
27,85,4,10999.103,11005.703
27,85,5,11006.003,11011.803
27,85,6,11012.503,11018.503
27,85,7,11018.803,11025.303
27,85,8,11025.903,11031.803
27,85,9,11032.303,11044.403
27,85,10,11044.903,11050.603
27,85,11,11050.703,11056.303
27,85,12,11056.703,11062.503
27,85,13,11062.803,11069.403
27,85,14,11069.703,11075.803
27,86,1,11080.003,11089.303
27,86,2,11090.003,11099.503
27,86,3,11099.703,11104.803
27,86,4,11105.003,11112.103
27,86,5,11112.503,11119.603
27,86,6,11119.903,11126.503
27,86,7,11127.103,11132.203
27,86,8,11132.703,11138.503
27,86,9,11139.103,11148.803
27,86,10,11149.203,11156.403
27,86,11,11157.303,11167.403
27,86,12,11168.703,11175.903
27,86,13,11176.203,11183.603
27,86,14,11183.803,11193.203
27,86,15,11193.403,11201.603
27,86,16,11201.803,11211.103
27,86,17,11211.403,11223.303
27,87,1,11227.328,11234.003
27,87,2,11234.303,11240.603
27,87,3,11241.103,11246.603
27,87,4,11246.625,11257.703
27,87,5,11258.203,11266.703
27,87,6,11267.103,11274.203
27,87,7,11274.303,11279.603
27,88,1,11284.203,11292.503
27,88,2,11293.103,11299.603
27,88,3,11299.903,11305.803
27,88,4,11307.003,11312.803
27,88,5,11313.803,11320.203
27,88,6,11320.503,11332.103
27,88,7,11333.903,11339.603
27,88,8,11339.803,11347.703
27,88,9,11347.903,11356.603
27,88,10,11356.903,11366.303
27,88,11,11366.703,11373.303
27,88,12,11373.603,11379.603
27,88,13,11380.003,11387.003
27,88,14,11387.403,11395.603
27,88,15,11396.603,11402.503
27,88,16,11402.803,11409.403
27,88,17,11410.103,11416.203
27,88,18,11417.103,11423.103
27,88,19,11423.503,11430.403
27,89,1,11434.094,11437.603
27,89,2,11438.203,11446.003
27,89,3,11446.003,11454.003
27,89,4,11454.803,11460.303
27,89,5,11460.403,11467.903
27,89,6,11468.203,11475.903
27,89,7,11476.303,11483.503
27,89,8,11483.603,11490.903
27,89,9,11491.003,11500.003
27,89,10,11500.403,11508.103
27,89,11,11508.403,11517.103
27,89,12,11518.503,11525.703
27,89,13,11526.003,11533.403
27,89,14,11533.603,11539.803
27,89,15,11540.503,11548.203
27,89,16,11548.403,11554.903
27,89,17,11555.303,11561.903
27,89,18,11562.303,11569.203
27,89,19,11569.303,11575.003
27,89,20,11575.303,11586.003
27,89,21,11586.103,11591.703
27,89,22,11592.303,11598.603
27,89,23,11599.203,11604.803
27,89,24,11605.703,11611.303
27,89,25,11612.003,11617.603
27,89,26,11618.103,11623.003
27,89,27,11623.203,11630.803
27,89,28,11631.303,11636.803
27,89,29,11637.203,11642.603
27,89,30,11643.003,11648.503
27,89,31,11649.103,11655.303
27,89,32,11656.003,11661.503
27,89,33,11662.003,11667.603
27,89,34,11668.703,11675.403
27,89,35,11675.803,11682.403
27,89,36,11682.703,11687.703
27,89,37,11687.903,11694.103
27,89,38,11695.103,11701.303
27,89,39,11701.603,11707.903
27,89,40,11708.403,11714.603
27,89,41,11715.103,11720.903
27,89,42,11721.203,11726.303
27,89,43,11726.403,11732.203
27,89,44,11732.603,11738.803
27,89,45,11739.203,11745.603
27,89,46,11746.403,11751.403
27,89,47,11751.603,11759.103
27,89,48,11759.303,11766.403
27,89,49,11766.703,11774.803
27,89,50,11775.103,11782.003
27,89,51,11782.203,11790.603
27,89,52,11790.703,11798.903
27,89,53,11799.003,11803.803
27,90,1,11812.203,11822.203
27,90,2,11822.503,11832.203
27,90,3,11832.703,11838.803
27,90,4,11839.203,11847.503
27,90,5,11847.803,11854.503
27,90,6,11855.503,11862.003
27,90,7,11862.003,11867.203
27,90,8,11867.303,11874.603
27,90,9,11874.703,11882.203
27,90,10,11882.303,11894.103
27,90,11,11894.403,11899.903
27,90,12,11900.003,11905.103
27,90,13,11905.203,11910.603
27,90,14,11910.703,11917.803
27,90,15,11918.203,11924.303
27,90,16,11924.403,11931.303
27,90,17,11931.403,11941.503
27,91,1,11945.203,11951.003
27,91,2,11951.003,11957.703
27,91,3,11957.903,11963.603
27,91,4,11963.803,11972.903
27,91,5,11973.303,11979.403
27,91,6,11979.403,11986.103
27,91,7,11986.303,11994.303
27,91,8,11994.403,12000.303
27,91,9,12000.403,12006.703
27,91,10,12007.003,12014.703
27,91,11,12015.203,12021.603
27,91,12,12021.803,12028.403
27,91,13,12028.403,12034.603
27,91,14,12034.903,12041.503
27,91,15,12041.603,12050.703
27,91,16,12050.703,12057.003
27,92,1,12062.003,12064.803
27,92,2,12065.503,12070.303
27,92,3,12070.903,12076.303
27,92,4,12076.803,12082.303
27,92,5,12082.703,12090.003
27,92,6,12090.303,12096.803
27,92,7,12097.103,12102.303
27,92,8,12102.603,12111.003
27,92,9,12111.103,12114.803
27,92,10,12115.003,12123.503
27,92,11,12124.003,12129.403
27,92,12,12129.603,12136.803
27,92,13,12137.303,12142.803
27,92,14,12142.903,12148.203
27,92,15,12149.603,12155.203
27,92,16,12156.403,12162.203
27,93,1,12167.403,12177.603
27,93,2,12177.903,12183.103
27,93,3,12183.303,12191.603
27,93,4,12191.703,12199.703
27,93,5,12200.103,12209.103
27,94,1,12214.203,12218.903
27,94,2,12219.303,12224.403
27,94,3,12224.603,12230.503
27,94,4,12230.703,12237.203
27,94,5,12237.803,12243.603
27,94,6,12244.103,12249.203
27,94,7,12249.903,12256.803
27,94,8,12257.503,12262.903
27,94,9,12263.603,12270.303
27,94,10,12270.803,12276.903
27,94,11,12277.303,12283.303
27,94,12,12283.803,12291.703
27,94,13,12292.103,12298.203
27,94,14,12298.603,12303.703
27,94,15,12304.903,12310.703
27,94,16,12311.103,12317.003
27,94,17,12317.403,12323.903
27,94,18,12324.403,12330.603
27,94,19,12330.903,12338.103
27,94,20,12338.703,12344.503
27,94,21,12345.203,12350.103
27,94,22,12350.403,12355.903
27,94,23,12356.203,12364.903
27,95,1,12367.903,12373.203
27,95,2,12373.603,12378.003
27,95,3,12378.203,12383.503
27,95,4,12383.903,12389.203
27,95,5,12389.503,12395.903
27,95,6,12396.203,12402.803
27,95,7,12403.103,12413.403
27,95,8,12413.503,12418.803
27,95,9,12419.003,12425.903
27,95,10,12426.303,12434.503
27,95,11,12434.703,12440.503
27,96,1,12443.903,12449.703
27,96,2,12449.903,12456.103
27,96,3,12456.303,12462.003
27,96,4,12462.303,12468.403
27,96,5,12469.203,12474.903
27,96,6,12475.103,12480.503
27,96,7,12480.803,12486.703
27,96,8,12486.803,12493.303
27,96,9,12493.903,12500.303
27,96,10,12501.003,12510.903
27,96,11,12512.203,12518.703
27,96,12,12519.003,12526.003
27,96,13,12526.203,12536.703
27,97,1,12537.503,12545.803
27,97,2,12546.103,12551.803
27,97,3,12552.203,12556.903
27,97,4,12557.003,12562.603
27,97,5,12562.903,12570.303
27,97,6,12573.003,12578.903
27,97,7,12579.203,12587.603
27,97,8,12587.703,12596.503
27,97,9,12596.603,12604.003
27,97,10,12604.403,12612.403
27,97,11,12612.803,12618.303
27,97,12,12618.503,12623.803
27,98,1,12627.603,12637.803
27,98,2,12638.103,12644.503
27,98,3,12644.903,12654.003
27,98,4,12654.303,12660.003
27,98,5,12660.103,12665.303
27,98,6,12665.603,12671.703
27,98,7,12671.903,12677.003
27,98,8,12677.303,12682.703
27,98,9,12682.803,12692.403
27,99,1,12696.003,12702.403
27,99,2,12702.703,12708.103
27,99,3,12708.503,12712.603
27,99,4,12712.903,12722.803
27,99,5,12723.003,12729.603
27,99,6,12729.903,12740.403
27,99,7,12740.803,12748.803
27,99,8,12749.103,12758.503
27,99,9,12758.703,12767.203
27,100,1,12769.955,12774.503
27,100,2,12774.903,12779.803
27,100,3,12779.903,12789.503
27,100,4,12789.603,12797.903
27,100,5,12797.938,12804.103
27,101,1,12806.987,12814.503
27,101,2,12814.703,12823.603
27,101,3,12823.903,12832.903
27,101,4,12833.303,12839.603
27,101,5,12839.803,12851.003
27,101,6,12851.903,12861.103
27,101,7,12861.603,12870.403
27,101,8,12870.503,12879.503
27,102,1,12883.103,12889.803
27,102,2,12890.203,12896.103
27,102,3,12896.403,12907.103
27,102,4,12907.403,12913.103
27,102,5,12913.903,12920.103
27,102,6,12920.295,12925.203
27,102,7,12925.603,12931.003
27,102,8,12931.103,12936.303
27,102,9,12936.503,12942.603
27,102,10,12943.203,12949.503
27,102,11,12949.814,12957.203
27,102,12,12957.603,12962.903
27,102,13,12963.303,12969.403
27,102,14,12970.903,12977.503
27,102,15,12977.803,12984.303
27,102,16,12984.603,12991.703
27,102,17,12992.103,12997.503
27,102,18,12997.903,13003.903
27,102,19,13004.063,13010.303
27,102,20,13010.703,13017.103
27,102,21,13017.312,13022.703
27,102,22,13022.892,13029.303
27,102,23,13029.603,13036.003
27,102,24,13036.203,13040.903
27,102,25,13041.203,13049.003
27,102,26,13049.346,13055.503
27,102,27,13055.703,13066.703
27,102,28,13067.203,13071.503
27,102,29,13071.803,13077.903
27,103,1,13080.903,13089.603
27,103,2,13090.003,13095.803
27,103,3,13096.003,13102.003
27,103,4,13102.303,13109.203
27,103,5,13109.403,13115.803
27,103,6,13116.203,13121.703
27,103,7,13121.903,13127.803
27,103,8,13128.203,13134.203
27,103,9,13134.603,13139.303
27,103,10,13139.503,13146.603
27,103,11,13147.203,13153.803
27,103,12,13154.203,13160.603
27,103,13,13160.903,13166.403
27,103,14,13167.003,13172.003
27,103,15,13172.303,13178.303
27,103,16,13178.703,13185.203
27,103,17,13185.403,13193.103
27,103,18,13193.303,13198.603
27,103,19,13198.903,13205.803
27,103,20,13206.003,13214.203
27,103,21,13214.403,13219.803
27,103,22,13220.103,13229.503
27,104,1,13233.403,13241.403
27,104,2,13241.603,13247.003
27,104,3,13247.403,13256.303
27,104,4,13256.703,13262.003
27,104,5,13262.503,13268.303
27,104,6,13268.703,13274.503
27,104,7,13274.703,13280.203
27,104,8,13280.503,13286.703
27,104,9,13287.403,13294.103
27,104,10,13294.503,13300.303
27,104,11,13300.603,13306.503
27,104,12,13307.003,13314.103
27,104,13,13314.403,13322.103
27,104,14,13323.703,13332.603
27,104,15,13333.503,13343.103
27,104,16,13343.503,13349.003
27,104,17,13349.403,13355.803
27,104,18,13356.203,13362.503
27,104,19,13362.703,13368.203
27,104,20,13368.603,13374.903
27,104,21,13375.203,13381.303
27,104,22,13381.803,13388.303
27,104,23,13388.503,13394.703
27,104,24,13394.903,13404.403
27,104,25,13404.803,13414.403
27,104,26,13414.803,13421.703
27,104,27,13421.903,13427.403
27,104,28,13428.303,13433.703
27,104,29,13434.203,13442.603
27,104,30,13443.003,13449.303
27,104,31,13449.903,13456.303
27,104,32,13456.803,13463.303
27,104,33,13463.803,13469.903
27,104,34,13471.103,13476.503
27,104,35,13477.203,13487.903
27,105,1,13491.603,13497.803
27,105,2,13498.103,13503.703
27,105,3,13504.003,13510.603
27,105,4,13511.303,13516.703
27,105,5,13517.103,13523.703
27,105,6,13524.303,13529.803
27,105,7,13530.103,13536.203
27,105,8,13536.503,13542.003
27,105,9,13542.303,13547.603
27,105,10,13548.003,13554.403
27,105,11,13554.703,13562.103
27,105,12,13562.603,13567.303
27,105,13,13567.703,13574.003
27,105,14,13574.203,13580.503
27,105,15,13581.003,13586.603
27,105,16,13586.903,13593.203
27,105,17,13594.803,13599.503
27,105,18,13599.803,13605.803
27,105,19,13606.003,13611.703
27,105,20,13612.103,13617.803
27,105,21,13618.203,13623.903
27,105,22,13624.303,13629.903
27,105,23,13630.703,13636.803
27,105,24,13637.103,13643.103
27,105,25,13643.203,13648.603
27,105,26,13648.903,13653.803
27,105,27,13655.003,13660.603
27,105,28,13661.103,13667.803
27,105,29,13668.203,13673.403
27,105,30,13673.603,13678.903
27,105,31,13679.103,13684.003
27,105,32,13684.203,13689.403
27,105,33,13689.803,13695.903
27,105,34,13696.103,13701.703
27,105,35,13702.003,13708.403
27,105,36,13708.703,13714.303
27,105,37,13714.403,13720.503
27,105,38,13720.903,13727.003
27,105,39,13727.303,13733.003
27,105,40,13733.203,13739.103
27,105,41,13739.603,13746.703
27,105,42,13747.203,13751.803
27,105,43,13752.003,13757.303
27,105,44,13757.503,13763.403
27,105,45,13763.703,13771.403
27,106,1,13774.203,13780.503
27,106,2,13780.903,13786.603
27,106,3,13787.103,13792.203
27,106,4,13792.503,13799.003
27,106,5,13799.403,13808.903
27,106,6,13809.303,13814.703
27,106,7,13815.003,13825.903
27,106,8,13826.203,13831.503
27,106,9,13831.803,13839.403
27,106,10,13839.703,13845.603
27,106,11,13845.903,13851.203
27,106,12,13851.403,13856.303
27,106,13,13856.603,13862.003
27,106,14,13862.203,13868.803
27,106,15,13869.003,13875.003
27,106,16,13875.503,13881.603
27,106,17,13881.903,13888.703
27,106,18,13889.003,13895.003
27,106,19,13895.203,13900.603
27,106,20,13900.903,13906.403
27,106,21,13907.903,13913.303
27,106,22,13913.503,13918.603
27,106,23,13918.803,13929.903
27,106,24,13930.203,13935.903
27,106,25,13936.103,13942.403
27,106,26,13942.703,13947.103
27,106,27,13947.203,13952.703
27,106,28,13953.203,13959.403
27,106,29,13959.803,13966.303
27,106,30,13966.603,13973.803
27,106,31,13974.003,13979.203
27,106,32,13979.303,13985.503
27,106,33,13985.603,13990.203
27,106,34,13990.503,13996.603
27,106,35,13996.703,14002.003
27,106,36,14002.103,14008.003
27,106,37,14008.103,14013.403
27,106,38,14013.503,14023.103
27,106,39,14023.203,14032.403
27,106,40,14032.903,14038.703
27,106,41,14038.803,14044.003
27,106,42,14044.203,14050.003
27,106,43,14050.303,14058.503
27,106,44,14058.603,14064.003
27,106,45,14064.203,14070.103
27,106,46,14070.103,14075.703
27,106,47,14075.903,14088.803
27,106,48,14089.103,14099.903
27,107,1,14106.703,14110.603
27,107,2,14110.903,14115.703
27,107,3,14115.703,14122.003
27,107,4,14122.203,14128.403
27,107,5,14128.503,14133.503
27,107,6,14133.703,14139.903
27,107,7,14140.103,14145.603
27,107,8,14145.703,14150.903
27,107,9,14151.003,14156.803
27,107,10,14157.203,14163.303
27,107,11,14163.503,14168.303
27,107,12,14168.503,14173.603
27,107,13,14173.803,14179.503
27,107,14,14179.603,14185.603
27,107,15,14185.703,14190.903
27,107,16,14191.003,14196.303
27,107,17,14196.403,14202.203
27,107,18,14202.303,14208.203
27,107,19,14208.403,14214.203
27,107,20,14214.403,14219.603
27,107,21,14219.803,14225.003
27,107,22,14225.203,14230.903
27,107,23,14231.003,14236.803
27,107,24,14237.003,14243.003
27,107,25,14243.203,14249.203
27,107,26,14249.403,14255.603
27,107,27,14255.603,14262.403
27,107,28,14263.503,14269.403
27,107,29,14269.603,14274.403
27,107,30,14274.603,14280.703
27,107,31,14280.703,14285.503
27,107,32,14285.603,14290.903
27,107,33,14291.003,14296.703
27,107,34,14296.803,14301.703
27,107,35,14302.003,14309.003
27,107,36,14309.203,14314.303
27,107,37,14314.403,14321.003
27,107,38,14321.203,14326.703
27,107,39,14326.903,14332.603
27,107,40,14332.803,14338.803
27,107,41,14339.103,14345.103
27,107,42,14345.203,14351.803
27,107,43,14351.903,14358.503
27,108,1,14360.803,14362.403
27,108,2,14362.803,14368.403
27,108,3,14368.603,14373.103
27,108,4,14373.203,14378.803
27,108,5,14379.003,14385.603
27,108,6,14386.003,14391.603
27,108,7,14392.003,14398.803
27,108,8,14401.203,14409.303
27,108,9,14409.403,14418.003
27,108,10,14418.003,14425.503
27,108,11,14425.603,14430.603
27,108,12,14430.703,14436.403
27,108,13,14436.703,14442.603
27,108,14,14442.703,14448.103
27,109,1,14451.903,14454.403
27,109,2,14454.903,14465.403
27,109,3,14465.703,14471.103
27,109,4,14471.603,14476.903
27,109,5,14477.403,14483.903
27,109,6,14484.503,14489.703
27,109,7,14489.903,14496.303
27,109,8,14496.603,14502.203
27,109,9,14502.503,14507.403
27,109,10,14507.703,14514.503
27,109,11,14514.903,14521.403
27,109,12,14521.903,14528.503
27,109,13,14529.803,14535.803
27,109,14,14536.003,14544.003
27,109,15,14544.303,14550.603
27,109,16,14550.703,14561.503
27,109,17,14561.703,14570.003
27,109,18,14570.003,14579.203
27,109,19,14579.703,14587.003
27,109,20,14587.103,14594.203
27,109,21,14594.603,14604.103
27,109,22,14604.203,14610.403
27,109,23,14610.703,14616.603
27,109,24,14616.703,14622.603
27,109,25,14623.103,14629.303
27,109,26,14629.403,14634.903
27,109,27,14636.103,14641.703
27,109,28,14641.903,14650.603
27,109,29,14650.803,14657.103
27,109,30,14657.203,14663.703
27,109,31,14663.903,14670.603
27,110,1,14672.903,14682.303
27,110,2,14682.703,14689.403
27,110,3,14689.603,14699.503
27,110,4,14700.103,14710.303
27,110,5,14710.403,14716.503
27,110,6,14717.903,14724.603
27,110,7,14724.703,14729.803
27,111,1,14734.803,14741.503
27,111,2,14741.603,14746.803
27,111,3,14746.903,14752.503
27,111,4,14752.803,14758.103
27,111,5,14758.203,14762.703
27,111,6,14762.903,14768.403
27,111,7,14768.503,14774.803
27,111,8,14775.203,14780.203
27,111,9,14780.503,14787.203
27,111,10,14787.303,14796.603
27,112,1,14799.285,14805.903
27,112,2,14806.103,14810.903
27,112,3,14811.003,14815.903
27,112,4,14816.103,14821.803
27,112,5,14822.103,14827.503
27,112,6,14827.603,14832.803
27,112,7,14833.003,14839.003
27,112,8,14839.103,14844.503
27,112,9,14844.603,14852.403
27,112,10,14852.603,14860.245
27,113,1,14865.003,14872.203
27,113,2,14872.203,14877.503
27,113,3,14877.803,14882.803
27,113,4,14883.103,14888.103
27,113,5,14888.203,14893.103
27,113,6,14893.203,14897.703
27,113,7,14898.003,14903.103
27,113,8,14903.203,14907.603
27,113,9,14907.703,14914.803
27,114,1,14918.903,14924.503
27,114,2,14924.703,14929.703
27,114,3,14929.903,14935.503
27,114,4,14935.803,14940.903
27,114,5,14941.203,14947.203
27,114,6,14947.603,14952.803
27,114,7,14953.203,14959.503
27,114,8,14960.003,14966.635
27,115,1,14970.603,14978.903
27,115,2,14979.103,14983.403
27,115,3,14983.603,14988.703
27,115,4,14989.003,14994.303
27,115,5,14994.703,15000.603
27,115,6,15000.903,15007.103
27,115,7,15007.303,15015.803
27,115,8,15017.003,15021.903
27,115,9,15022.103,15027.203
27,115,10,15027.403,15032.703
27,115,11,15032.803,15038.603
27,115,12,15039.703,15048.603
27,115,13,15048.603,15054.003
27,115,14,15054.403,15059.403
27,115,15,15059.603,15064.803
27,115,16,15065.003,15071.303
27,115,17,15071.603,15077.003
27,115,18,15077.103,15083.403
27,116,1,15087.703,15093.103
27,116,2,15093.303,15097.903
27,116,3,15098.103,15106.503
27,116,4,15106.903,15112.803
27,116,5,15113.003,15117.903
27,116,6,15118.103,15123.703
27,116,7,15124.203,15129.903
27,116,8,15130.203,15137.703
27,116,9,15137.903,15143.103
27,116,10,15143.603,15148.403
27,116,11,15148.703,15153.703
27,116,12,15154.103,15158.703
27,116,13,15159.003,15163.903
27,116,14,15164.203,15169.603
27,116,15,15169.703,15174.903
27,116,16,15175.103,15183.903
27,116,17,15184.103,15189.703
27,116,18,15189.903,15195.303
27,116,19,15195.403,15201.703
27,117,1,15205.503,15211.203
27,117,2,15211.403,15218.403
27,118,1,15222.003,15226.703
27,118,2,15226.903,15231.003
27,118,3,15231.103,15235.603
27,118,4,15235.703,15240.703
27,118,5,15240.903,15246.703
27,118,6,15246.903,15251.703
27,118,7,15251.803,15257.203
27,118,8,15257.603,15262.303
27,118,9,15262.403,15266.903
27,118,10,15267.103,15271.803
27,118,11,15271.903,15277.303
27,118,12,15277.603,15285.103
27,118,13,15285.303,15290.403
27,118,14,15290.503,15295.103
27,118,15,15295.403,15302.803
27,118,16,15302.903,15308.403
27,118,17,15308.503,15313.603
27,118,18,15313.803,15319.303
27,118,19,15319.503,15324.303
27,118,20,15324.603,15329.603
27,118,21,15330.103,15334.803
27,118,22,15335.003,15340.203
27,118,23,15340.503,15345.703
27,118,24,15346.003,15351.303
27,118,25,15351.403,15358.403
27,118,26,15358.503,15364.503
27,118,27,15364.903,15373.103
27,118,28,15373.203,15378.403
27,118,29,15378.503,15383.203
27,119,1,17704.203,17709.5
27,119,2,17709.7,17715.3
27,119,3,17715.8,17720.8
27,119,4,17720.8,17726.4
27,119,5,17726.5,17732.4
27,119,6,17732.5,17738.3
27,119,7,17738.4,17745.3
27,119,8,17745.5,17752.2
27,119,9,17757.1,17763.3
27,119,10,17763.5,17770.0
27,119,11,17770.1,17776.5
27,119,12,17777.1,17781.7
27,119,13,17781.8,17786.8
27,119,14,17786.9,17792.2
27,119,15,17792.3,17798.2
27,119,16,17798.3,17805.2
27,119,17,17810.5,17815.9
27,119,18,17815.9,17821.5
27,119,19,17821.5,17827.9
27,119,20,17828.0,17834.1
27,119,21,17834.2,17840.2
27,119,22,17840.3,17846.2
27,119,23,17846.3,17854.4
27,119,24,17854.5,17859.8
27,119,25,17863.3,17868.3
27,119,26,17868.4,17874.5
27,119,27,17874.5,17880.9
27,119,28,17882.1,17887.5
27,119,29,17887.8,17894.0
27,119,30,17894.1,17899.8
27,119,31,17899.9,17905.6
27,119,32,17905.7,17911.0
27,119,33,17914.1,17920.0
27,119,34,17920.0,17926.1
27,119,35,17926.3,17931.3
27,119,36,17931.3,17937.0
27,119,37,17937.0,17942.7
27,119,38,17942.8,17948.9
27,119,39,17949.0,17955.2
27,119,40,17955.3,17961.5
27,119,41,17964.9,17971.7
27,119,42,17971.7,17977.2
27,119,43,17977.2,17985.6
27,119,44,17985.8,17990.8
27,119,45,17990.8,17996.4
27,119,46,17996.6,18002.7
27,119,47,18002.7,18007.7
27,119,48,18007.8,18016.3
27,119,49,18019.4,18025.0
27,119,50,18025.1,18031.3
27,119,51,18031.5,18037.3
27,119,52,18037.4,18043.9
27,119,53,18044.0,18049.8
27,119,54,18050.1,18055.4
27,119,55,18055.5,18061.9
27,119,56,18062.1,18067.3
27,119,57,18070.7,18075.4
27,119,58,18075.4,18080.9
27,119,59,18080.9,18086.8
27,119,60,18086.8,18092.5
27,119,61,18092.5,18098.2
27,119,62,18098.3,18104.4
27,119,63,18104.4,18111.1
27,119,64,18111.2,18118.3
27,119,65,18122.4,18127.9
27,119,66,18128.3,18134.4
27,119,67,18134.5,18141.0
27,119,68,18141.1,18146.0
27,119,69,18146.0,18153.3
27,119,70,18153.4,18159.5
27,119,71,18159.7,18165.3
27,119,72,18165.3,18171.2
27,119,73,18173.8,18180.7
27,119,74,18180.8,18187.2
27,119,75,18187.3,18193.8
27,119,76,18194.1,18200.1
27,119,77,18200.2,18206.3
27,119,78,18206.5,18214.3
27,119,79,18214.3,18219.3
27,119,80,18219.3,18224.9
27,119,81,18227.8,18233.4
27,119,82,18233.4,18239.5
27,119,83,18239.5,18244.9
27,119,84,18244.9,18250.6
27,119,85,18250.8,18256.6
27,119,86,18256.6,18262.9
27,119,87,18263.0,18269.6
27,119,88,18269.6,18275.0
27,119,89,18277.9,18283.5
27,119,90,18283.5,18289.5
27,119,91,18289.5,18295.3
27,119,92,18295.3,18301.2
27,119,93,18301.2,18306.9
27,119,94,18306.9,18312.2
27,119,95,18312.2,18318.1
27,119,96,18318.1,18324.6
27,119,97,18327.6,18333.7
27,119,98,18333.7,18339.8
27,119,99,18339.8,18345.9
27,119,100,18345.9,18351.4
27,119,101,18351.9,18358.6
27,119,102,18358.9,18364.9
27,119,103,18365.1,18371.4
27,119,104,18371.4,18378.7
27,119,105,18382.6,18387.9
27,119,106,18387.9,18393.9
27,119,107,18394.1,18398.8
27,119,108,18399.1,18405.0
27,119,109,18405.4,18410.2
27,119,110,18410.6,18416.7
27,119,111,18416.8,18421.9
27,119,112,18422.1,18428.3
27,119,113,18431.4,18435.5
27,119,114,18435.7,18441.0
27,119,115,18441.2,18447.4
27,119,116,18448.0,18454.6
27,119,117,18455.1,18461.7
27,119,118,18461.8,18467.6
27,119,119,18468.0,18475.8
27,119,120,18476.0,18481.6
27,119,121,18485.5,18491.5
27,119,122,18491.7,18496.5
27,119,123,18496.9,18502.5
27,119,124,18502.6,18508.3
27,119,125,18508.4,18513.7
27,119,126,18513.9,18518.5
27,119,127,18518.6,18524.4
27,119,128,18524.7,18531.9
27,119,129,18536.3,18541.1
27,119,130,18541.6,18546.5
27,119,131,18546.9,18552.7
27,119,132,18553.1,18558.5
27,119,133,18558.8,18564.8
27,119,134,18565.1,18570.8
27,119,135,18571.1,18576.8
27,119,136,18577.1,18583.8
27,119,137,18586.2,18590.9
27,119,138,18591.1,18596.3
27,119,139,18596.4,18602.2
27,119,140,18602.5,18607.4
27,119,141,18607.8,18612.9
27,119,142,18613.3,18618.4
27,119,143,18618.8,18624.2
27,119,144,18624.6,18629.3
27,119,145,18633.4,18639.3
27,119,146,18639.5,18644.1
27,119,147,18644.7,18650.5
27,119,148,18650.8,18655.9
27,119,149,18656.3,18663.0
27,119,150,18663.2,18668.1
27,119,151,18668.3,18673.7
27,119,152,18674.2,18679.5
27,119,153,18683.5,18689.6
27,119,154,18689.8,18695.4
27,119,155,18695.5,18700.7
27,119,156,18701.1,18706.4
27,119,157,18706.6,18711.8
27,119,158,18712.1,18718.7
27,119,159,18718.9,18726.3
27,119,160,18726.8,18733.3
27,119,161,18738.2,18744.4
27,119,162,18744.9,18749.9
27,119,163,18750.2,18755.7
27,119,164,18755.9,18762.2
27,119,165,18762.3,18767.9
27,119,166,18768.1,18774.4
27,119,167,18774.7,18779.7
27,119,168,18780.0,18786.9
27,119,169,18790.6,18796.6
27,119,170,18796.8,18802.2
27,119,171,18802.4,18808.1
27,119,172,18808.5,18814.4
27,119,173,18815.1,18820.1
27,119,174,18820.5,18826.7
27,119,175,18827.3,18833.6
27,119,176,18834.2,18843.318
27,120,1,15391.603,15399.003
27,120,2,15399.203,15405.803
27,120,3,15406.103,15411.203
27,120,4,15411.503,15416.603
27,120,5,15416.703,15422.603
27,120,6,15423.103,15428.703
27,120,7,15428.803,15434.603
27,121,1,15437.503,15445.003
27,121,2,15445.103,15449.803
27,121,3,15450.103,15455.203
27,121,4,15455.303,15460.303
27,121,5,15460.403,15466.203
27,121,6,15466.403,15472.103
27,121,7,15472.203,15477.903
27,121,8,15478.103,15484.603
27,122,1,15487.503,15494.803
27,122,2,15495.203,15500.503
27,122,3,15500.903,15506.603
27,122,4,15506.803,15515.203
27,122,5,15515.603,15521.703
27,122,6,15522.103,15527.303
27,122,7,15527.503,15532.803
27,122,8,15533.003,15538.103
27,122,9,15538.303,15544.003
27,123,1,15547.103,15554.303
27,123,2,15554.603,15567.203
27,123,3,15567.303,15572.803
27,123,4,15573.103,15582.103
27,124,1,15584.903,15592.303
27,124,2,15592.403,15597.903
27,124,3,15598.003,15603.303
27,124,4,15603.403,15609.303
27,124,5,15609.703,15614.703
27,124,6,15614.903,15620.603
27,124,7,15621.003,15630.003
27,124,8,15630.003,15635.503
27,125,1,15638.303,15647.403
27,125,2,15647.703,15655.603
27,125,3,15656.003,15669.103
27,125,4,15670.603,15676.603
27,125,5,15676.703,15686.203
27,126,1,15688.703,15696.003
27,126,2,15696.303,15707.003
27,126,3,15707.103,15712.403
27,126,4,15712.603,15719.003
27,126,5,15719.303,15723.703
27,126,6,15723.803,15733.703
27,127,1,15736.103,15749.403
27,127,2,15749.703,15759.703
27,127,3,15759.803,15765.203
27,127,4,15765.503,15770.803
27,127,5,15771.203,15782.403
27,128,1,15784.603,15790.703
27,128,2,15790.803,15796.003
27,128,3,15796.203,15806.603
27,128,4,15806.903,15812.203
27,128,5,15812.503,15820.503
27,128,6,15820.703,15825.403
27,129,1,15828.803,15835.503
27,129,2,15835.603,15841.203
27,129,3,15842.003,15847.303
27,129,4,15847.603,15852.003
27,129,5,15852.103,15857.403
27,129,6,15857.803,15863.703
27,129,7,15864.003,15869.303
27,129,8,15869.403,15878.803
27,130,1,15880.603,15886.303
27,130,2,15886.503,15893.603
27,130,3,15893.903,15898.403
27,130,4,15898.403,15902.503
27,130,5,15902.603,15908.003
27,130,6,15908.403,15914.003
27,130,7,15914.103,15921.703
27,130,8,15921.803,15927.003
27,131,1,15931.203,15943.203
27,131,2,15943.403,15952.403
27,131,3,15952.603,15958.103
27,132,1,15963.603,15969.003
27,132,2,15969.103,15973.703
27,132,3,15973.903,15980.003
27,132,4,15980.203,15985.603
27,132,5,15985.703,15991.303
27,132,6,15991.603,15997.903
27,132,7,15998.103,16003.203
27,132,8,16003.403,16009.303
27,132,9,16009.703,16015.403
27,132,10,16015.803,16021.203
27,132,11,16021.503,16031.403
27,132,12,16031.703,16043.303
27,132,13,16044.003,16049.203
27,132,14,16049.403,16054.803
27,132,15,16055.203,16060.403
27,132,16,16060.703,16067.103
27,132,17,16067.503,16072.903
27,132,18,16073.103,16078.803
27,133,1,16081.403,16089.003
27,133,2,16089.103,16098.903
27,133,3,16099.103,16110.503
27,134,1,16113.133,16123.503
27,134,2,16123.803,16129.103
27,134,3,16129.303,16135.403
27,135,1,16139.103,16145.903
27,135,2,16146.003,16151.003
27,135,3,16151.103,16156.603
27,135,4,16156.803,16162.203
27,135,5,16162.803,16169.103
27,135,6,16169.203,16178.003
27,135,7,16178.203,16187.503
27,135,8,16187.703,16192.703
27,135,9,16192.803,16200.103
27,135,10,16200.203,16205.203
27,135,11,16205.503,16213.103
27,135,12,16213.303,16218.403
27,135,13,16218.603,16224.203
27,135,14,16224.603,16229.903
27,135,15,16230.103,16236.003
27,135,16,16236.303,16242.303
27,135,17,16242.603,16249.003
27,135,18,16250.603,16255.503
27,135,19,16255.803,16261.703
27,135,20,16261.803,16268.403
27,135,21,16268.503,16275.003
27,136,1,16277.903,16282.003
27,136,2,16282.203,16286.303
27,136,3,16286.403,16290.403
27,136,4,16290.503,16295.803
27,136,5,16295.803,16300.303
27,136,6,16300.303,16304.903
27,136,7,16304.903,16309.103
27,136,8,16309.303,16313.903
27,136,9,16313.903,16320.603
27,136,10,16320.603,16325.403
27,136,11,16325.403,16329.803
27,136,12,16329.903,16335.003
27,136,13,16336.003,16341.103
27,136,14,16341.203,16345.603
27,136,15,16346.803,16351.503
27,136,16,16351.603,16355.703
27,136,17,16355.703,16359.703
27,136,18,16359.703,16363.803
27,136,19,16363.803,16367.903
27,136,20,16367.903,16371.903
27,136,21,16372.003,16376.203
27,136,22,16376.303,16380.503
27,136,23,16380.603,16385.503
27,136,24,16385.503,16389.903
27,136,25,16389.903,16394.803
27,136,26,16394.803,16399.303
27,137,1,16403.803,16410.503
27,137,2,16410.803,16415.103
27,137,3,16415.303,16424.603
27,137,4,16425.103,16430.003
27,137,5,16430.403,16435.103
27,137,6,16435.203,16444.903
27,137,7,16445.203,16454.203
27,137,8,16454.803,16463.103
27,137,9,16463.303,16470.403
27,138,1,16472.921,16479.703
27,138,2,16479.903,16492.303
27,138,3,16492.503,16498.203
27,138,4,16498.503,16505.303
27,138,5,16505.503,16511.103
27,138,6,16511.303,16518.003
27,138,7,16518.303,16527.803
27,138,8,16528.203,16537.103
27,139,1,16540.103,16546.003
27,139,2,16546.303,16551.703
27,139,3,16552.103,16557.303
27,139,4,16557.503,16563.303
27,139,5,16563.703,16569.303
27,139,6,16569.603,16575.003
27,139,7,16575.503,16580.903
27,139,8,16581.303,16588.303
27,139,9,16588.703,16593.803
27,139,10,16594.103,16599.303
27,139,11,16599.503,16605.803
27,139,12,16606.103,16615.103
27,139,13,16615.303,16621.203
27,139,14,16621.403,16630.203
27,139,15,16630.403,16639.103
27,139,16,16639.403,16650.103
27,139,17,16650.603,16656.703
27,139,18,16656.903,16662.503
27,139,19,16662.703,16668.903
27,139,20,16669.103,16675.203
27,139,21,16675.603,16681.803
27,139,22,16682.003,16687.003
27,139,23,16687.203,16693.903
27,139,24,16694.103,16700.703
27,140,1,16702.503,16704.603
27,140,2,16704.903,16710.303
27,140,3,16710.503,16715.603
27,140,4,16716.003,16723.103
27,140,5,16723.303,16732.603
27,140,6,16733.003,16743.703
27,140,7,16744.929,16752.103
27,140,8,16752.403,16758.603
27,140,9,16758.803,16766.503
27,140,10,16766.903,16772.003
27,140,11,16772.203,16779.403
27,140,12,16779.703,16787.703
27,140,13,16788.203,16794.103
27,140,14,16794.403,16801.203
27,141,1,16804.724,16811.603
27,141,2,16811.903,16818.403
27,141,3,16818.603,16825.003
27,141,4,16825.403,16837.203
27,141,5,16837.503,16848.803
27,141,6,16849.303,16855.903
27,141,7,16856.103,16862.603
27,141,8,16862.9,16869.703
27,141,9,16870.103,16876.103
27,141,10,16876.189,16883.303
27,142,1,16886.303,16890.803
27,142,2,16891.103,16896.903
27,142,3,16897.203,16902.003
27,142,4,16902.403,16912.503
27,142,5,16913.903,16922.603
27,142,6,16922.903,16931.403
27,142,7,16933.203,16942.103
27,142,8,16943.203,16953.003
27,143,1,16955.903,16966.603
27,143,2,16966.903,16973.303
27,143,3,16973.603,16982.603
27,143,4,16982.903,16988.503
27,143,5,16988.703,16997.703
27,143,6,16998.003,17004.503
27,143,7,17004.703,17015.103
27,143,8,17015.203,17025.803
27,143,9,17025.903,17031.703
27,143,10,17032.503,17041.703
27,143,11,17041.903,17049.103
27,143,12,17049.703,17059.203
27,144,1,17061.553,17070.703
27,144,2,17070.803,17081.103
27,144,3,17081.203,17088.003
27,144,4,17088.303,17093.203
27,144,5,17093.303,17099.903
27,144,6,17100.203,17106.103
27,144,7,17106.403,17115.703
27,144,8,17117.303,17122.203
27,144,9,17122.303,17128.703
27,144,10,17128.903,17135.703
27,144,11,17136.003,17145.103
27,144,12,17145.403,17156.703
27,144,13,17156.803,17166.603
27,144,14,17166.703,17174.703
27,144,15,17174.803,17181.703
27,145,1,17184.103,17192.103
27,145,2,17193.003,17199.003
27,145,3,17199.203,17205.103
27,145,4,17205.503,17211.003
27,145,5,17211.103,17216.903
27,145,6,17217.103,17223.903
27,145,7,17224.103,17229.503
27,145,8,17229.603,17235.503
27,145,9,17235.703,17240.703
27,145,10,17241.103,17246.903
27,145,11,17247.103,17252.403
27,145,12,17252.703,17258.703
27,145,13,17259.103,17265.703
27,145,14,17266.003,17271.703
27,145,15,17272.003,17279.603
27,145,16,17279.903,17285.603
27,145,17,17285.903,17291.703
27,145,18,17291.903,17298.303
27,145,19,17299.003,17305.803
27,145,20,17305.903,17311.803
27,145,21,17312.003,17319.703
27,146,1,17322.703,17327.503
27,146,2,17327.603,17333.303
27,146,3,17333.703,17339.203
27,146,4,17339.603,17346.703
27,146,5,17347.203,17353.903
27,146,6,17354.203,17363.003
27,146,7,17363.203,17370.903
27,146,8,17371.003,17378.703
27,146,9,17378.803,17386.803
27,146,10,17387.003,17394.803
27,147,1,17397.703,17404.503
27,147,2,17404.603,17410.103
27,147,3,17410.303,17415.503
27,147,4,17415.603,17420.803
27,147,5,17421.003,17426.803
27,147,6,17426.903,17433.003
27,147,7,17433.403,17438.803
27,147,8,17438.903,17447.303
27,147,9,17447.603,17453.203
27,147,10,17453.403,17459.303
27,147,11,17459.803,17465.303
27,147,12,17466.503,17472.803
27,147,13,17472.903,17478.803
27,147,14,17479.103,17484.003
27,147,15,17484.203,17490.003
27,147,16,17490.403,17496.403
27,147,17,17496.603,17502.603
27,147,18,17503.003,17509.503
27,147,19,17509.803,17515.403
27,147,20,17515.703,17522.103
27,148,1,17524.803,17531.203
27,148,2,17531.303,17536.403
27,148,3,17536.503,17542.003
27,148,4,17542.103,17548.203
27,148,5,17548.403,17553.303
27,148,6,17553.403,17558.603
27,148,7,17558.703,17563.803
27,148,8,17564.203,17570.103
27,148,9,17570.103,17574.603
27,148,10,17574.803,17579.203
27,148,11,17579.303,17584.103
27,148,12,17584.203,17588.203
27,148,13,17588.203,17596.103
27,148,14,17596.203,17605.503
27,149,1,17608.193,17614.303
27,149,2,17614.503,17620.403
27,149,3,17620.603,17625.803
27,149,4,17625.903,17631.303
27,149,5,17631.403,17636.803
27,149,6,17636.903,17642.303
27,149,7,17642.503,17647.803
27,149,8,17649.603,17655.403
27,149,9,17655.603,17662.303
27,150,1,17664.303,17671.303
27,150,2,17671.503,17676.303
27,150,3,17676.503,17682.003
27,150,4,17682.103,17687.703
27,150,5,17687.803,17693.903
27,150,6,17694.003,17698.503
